,model,benchmark_id,temperature,rl_thinking_length,example_id,count,correct,pass1
0,llama-3.1-70B-instruct,aime2024_cot,1.0,-1,0,4,4,1.0
1,llama-3.1-70B-instruct,aime2024_cot,1.0,-1,1,4,0,0.0
2,llama-3.1-70B-instruct,aime2024_cot,1.0,-1,2,4,0,0.0
3,llama-3.1-70B-instruct,aime2024_cot,1.0,-1,3,4,4,1.0
4,llama-3.1-70B-instruct,aime2024_cot,1.0,-1,4,4,0,0.0
5,llama-3.1-70B-instruct,aime2024_cot,1.0,-1,5,4,0,0.0
6,llama-3.1-70B-instruct,aime2024_cot,1.0,-1,6,4,4,1.0
7,llama-3.1-70B-instruct,aime2024_cot,1.0,-1,7,4,0,0.0
8,llama-3.1-70B-instruct,aime2024_cot,1.0,-1,8,4,0,0.0
9,llama-3.1-70B-instruct,aime2024_cot,1.0,-1,9,4,0,0.0
10,llama-3.1-70B-instruct,aime2024_cot,1.0,-1,10,4,0,0.0
11,llama-3.1-70B-instruct,aime2024_cot,1.0,-1,11,4,0,0.0
12,llama-3.1-70B-instruct,aime2024_cot,1.0,-1,12,4,0,0.0
13,llama-3.1-70B-instruct,aime2024_cot,1.0,-1,13,4,0,0.0
14,llama-3.1-70B-instruct,aime2024_cot,1.0,-1,14,4,0,0.0
15,llama-3.1-70B-instruct,aime2024_cot,1.0,-1,15,4,0,0.0
16,llama-3.1-70B-instruct,aime2024_cot,1.0,-1,16,4,0,0.0
17,llama-3.1-70B-instruct,aime2024_cot,1.0,-1,17,4,0,0.0
18,llama-3.1-70B-instruct,aime2024_cot,1.0,-1,18,4,0,0.0
19,llama-3.1-70B-instruct,aime2024_cot,1.0,-1,19,4,0,0.0
20,llama-3.1-70B-instruct,aime2024_cot,1.0,-1,20,4,4,1.0
21,llama-3.1-70B-instruct,aime2024_cot,1.0,-1,21,4,0,0.0
22,llama-3.1-70B-instruct,aime2024_cot,1.0,-1,22,4,0,0.0
23,llama-3.1-70B-instruct,aime2024_cot,1.0,-1,23,4,0,0.0
24,llama-3.1-70B-instruct,aime2024_cot,1.0,-1,24,4,0,0.0
25,llama-3.1-70B-instruct,aime2024_cot,1.0,-1,25,4,0,0.0
26,llama-3.1-70B-instruct,aime2024_cot,1.0,-1,26,4,4,1.0
27,llama-3.1-70B-instruct,aime2024_cot,1.0,-1,27,4,0,0.0
28,llama-3.1-70B-instruct,aime2024_cot,1.0,-1,28,4,0,0.0
29,llama-3.1-70B-instruct,aime2024_cot,1.0,-1,29,4,0,0.0
41886,llama-3.1-8B-instruct,aime2024_cot,1.0,-1,0,7,0,0.0
41887,llama-3.1-8B-instruct,aime2024_cot,1.0,-1,1,7,0,0.0
41888,llama-3.1-8B-instruct,aime2024_cot,1.0,-1,2,7,0,0.0
41889,llama-3.1-8B-instruct,aime2024_cot,1.0,-1,3,7,0,0.0
41890,llama-3.1-8B-instruct,aime2024_cot,1.0,-1,4,7,0,0.0
41891,llama-3.1-8B-instruct,aime2024_cot,1.0,-1,5,7,0,0.0
41892,llama-3.1-8B-instruct,aime2024_cot,1.0,-1,6,7,0,0.0
41893,llama-3.1-8B-instruct,aime2024_cot,1.0,-1,7,7,0,0.0
41894,llama-3.1-8B-instruct,aime2024_cot,1.0,-1,8,7,0,0.0
41895,llama-3.1-8B-instruct,aime2024_cot,1.0,-1,9,7,0,0.0
41896,llama-3.1-8B-instruct,aime2024_cot,1.0,-1,10,7,0,0.0
41897,llama-3.1-8B-instruct,aime2024_cot,1.0,-1,11,7,0,0.0
41898,llama-3.1-8B-instruct,aime2024_cot,1.0,-1,12,7,0,0.0
41899,llama-3.1-8B-instruct,aime2024_cot,1.0,-1,13,7,0,0.0
41900,llama-3.1-8B-instruct,aime2024_cot,1.0,-1,14,7,0,0.0
41901,llama-3.1-8B-instruct,aime2024_cot,1.0,-1,15,7,0,0.0
41902,llama-3.1-8B-instruct,aime2024_cot,1.0,-1,16,7,0,0.0
41903,llama-3.1-8B-instruct,aime2024_cot,1.0,-1,17,7,0,0.0
41904,llama-3.1-8B-instruct,aime2024_cot,1.0,-1,18,7,0,0.0
41905,llama-3.1-8B-instruct,aime2024_cot,1.0,-1,19,7,7,1.0
41906,llama-3.1-8B-instruct,aime2024_cot,1.0,-1,20,7,0,0.0
41907,llama-3.1-8B-instruct,aime2024_cot,1.0,-1,21,7,0,0.0
41908,llama-3.1-8B-instruct,aime2024_cot,1.0,-1,22,7,0,0.0
41909,llama-3.1-8B-instruct,aime2024_cot,1.0,-1,23,7,0,0.0
41910,llama-3.1-8B-instruct,aime2024_cot,1.0,-1,24,7,0,0.0
41911,llama-3.1-8B-instruct,aime2024_cot,1.0,-1,25,7,0,0.0
41912,llama-3.1-8B-instruct,aime2024_cot,1.0,-1,26,7,7,1.0
41913,llama-3.1-8B-instruct,aime2024_cot,1.0,-1,27,7,0,0.0
41914,llama-3.1-8B-instruct,aime2024_cot,1.0,-1,28,7,0,0.0
41915,llama-3.1-8B-instruct,aime2024_cot,1.0,-1,29,7,0,0.0
86462,llama-3.2-3B-instruct,aime2024_cot,1.0,-1,0,10,0,0.0
86463,llama-3.2-3B-instruct,aime2024_cot,1.0,-1,1,10,10,1.0
86464,llama-3.2-3B-instruct,aime2024_cot,1.0,-1,2,10,0,0.0
86465,llama-3.2-3B-instruct,aime2024_cot,1.0,-1,3,10,10,1.0
86466,llama-3.2-3B-instruct,aime2024_cot,1.0,-1,4,10,0,0.0
86467,llama-3.2-3B-instruct,aime2024_cot,1.0,-1,5,10,0,0.0
86468,llama-3.2-3B-instruct,aime2024_cot,1.0,-1,6,10,0,0.0
86469,llama-3.2-3B-instruct,aime2024_cot,1.0,-1,7,10,0,0.0
86470,llama-3.2-3B-instruct,aime2024_cot,1.0,-1,8,10,0,0.0
86471,llama-3.2-3B-instruct,aime2024_cot,1.0,-1,9,10,0,0.0
86472,llama-3.2-3B-instruct,aime2024_cot,1.0,-1,10,10,0,0.0
86473,llama-3.2-3B-instruct,aime2024_cot,1.0,-1,11,10,0,0.0
86474,llama-3.2-3B-instruct,aime2024_cot,1.0,-1,12,10,0,0.0
86475,llama-3.2-3B-instruct,aime2024_cot,1.0,-1,13,10,0,0.0
86476,llama-3.2-3B-instruct,aime2024_cot,1.0,-1,14,10,0,0.0
86477,llama-3.2-3B-instruct,aime2024_cot,1.0,-1,15,10,0,0.0
86478,llama-3.2-3B-instruct,aime2024_cot,1.0,-1,16,10,0,0.0
86479,llama-3.2-3B-instruct,aime2024_cot,1.0,-1,17,10,0,0.0
86480,llama-3.2-3B-instruct,aime2024_cot,1.0,-1,18,10,0,0.0
86481,llama-3.2-3B-instruct,aime2024_cot,1.0,-1,19,10,0,0.0
86482,llama-3.2-3B-instruct,aime2024_cot,1.0,-1,20,10,0,0.0
86483,llama-3.2-3B-instruct,aime2024_cot,1.0,-1,21,10,0,0.0
86484,llama-3.2-3B-instruct,aime2024_cot,1.0,-1,22,10,0,0.0
86485,llama-3.2-3B-instruct,aime2024_cot,1.0,-1,23,10,0,0.0
86486,llama-3.2-3B-instruct,aime2024_cot,1.0,-1,24,10,0,0.0
86487,llama-3.2-3B-instruct,aime2024_cot,1.0,-1,25,10,0,0.0
86488,llama-3.2-3B-instruct,aime2024_cot,1.0,-1,26,10,0,0.0
86489,llama-3.2-3B-instruct,aime2024_cot,1.0,-1,27,10,0,0.0
86490,llama-3.2-3B-instruct,aime2024_cot,1.0,-1,28,10,0,0.0
86491,llama-3.2-3B-instruct,aime2024_cot,1.0,-1,29,10,0,0.0
131038,llama-3.2-1B-instruct,aime2024_cot,1.0,-1,0,13,0,0.0
131039,llama-3.2-1B-instruct,aime2024_cot,1.0,-1,1,13,0,0.0
131040,llama-3.2-1B-instruct,aime2024_cot,1.0,-1,2,13,13,1.0
131041,llama-3.2-1B-instruct,aime2024_cot,1.0,-1,3,13,0,0.0
131042,llama-3.2-1B-instruct,aime2024_cot,1.0,-1,4,13,0,0.0
131043,llama-3.2-1B-instruct,aime2024_cot,1.0,-1,5,13,0,0.0
131044,llama-3.2-1B-instruct,aime2024_cot,1.0,-1,6,13,0,0.0
131045,llama-3.2-1B-instruct,aime2024_cot,1.0,-1,7,13,0,0.0
131046,llama-3.2-1B-instruct,aime2024_cot,1.0,-1,8,13,0,0.0
131047,llama-3.2-1B-instruct,aime2024_cot,1.0,-1,9,13,0,0.0
131048,llama-3.2-1B-instruct,aime2024_cot,1.0,-1,10,13,0,0.0
131049,llama-3.2-1B-instruct,aime2024_cot,1.0,-1,11,13,0,0.0
131050,llama-3.2-1B-instruct,aime2024_cot,1.0,-1,12,13,0,0.0
131051,llama-3.2-1B-instruct,aime2024_cot,1.0,-1,13,13,0,0.0
131052,llama-3.2-1B-instruct,aime2024_cot,1.0,-1,14,13,0,0.0
131053,llama-3.2-1B-instruct,aime2024_cot,1.0,-1,15,13,0,0.0
131054,llama-3.2-1B-instruct,aime2024_cot,1.0,-1,16,13,0,0.0
131055,llama-3.2-1B-instruct,aime2024_cot,1.0,-1,17,13,0,0.0
131056,llama-3.2-1B-instruct,aime2024_cot,1.0,-1,18,13,0,0.0
131057,llama-3.2-1B-instruct,aime2024_cot,1.0,-1,19,13,0,0.0
131058,llama-3.2-1B-instruct,aime2024_cot,1.0,-1,20,13,0,0.0
131059,llama-3.2-1B-instruct,aime2024_cot,1.0,-1,21,13,0,0.0
131060,llama-3.2-1B-instruct,aime2024_cot,1.0,-1,22,13,0,0.0
131061,llama-3.2-1B-instruct,aime2024_cot,1.0,-1,23,13,0,0.0
131062,llama-3.2-1B-instruct,aime2024_cot,1.0,-1,24,13,0,0.0
131063,llama-3.2-1B-instruct,aime2024_cot,1.0,-1,25,13,0,0.0
131064,llama-3.2-1B-instruct,aime2024_cot,1.0,-1,26,13,0,0.0
131065,llama-3.2-1B-instruct,aime2024_cot,1.0,-1,27,13,0,0.0
131066,llama-3.2-1B-instruct,aime2024_cot,1.0,-1,28,13,0,0.0
131067,llama-3.2-1B-instruct,aime2024_cot,1.0,-1,29,13,0,0.0
172864,qwen1.5-0.5b-chat,aime2024_cot,1.0,-1,0,5,0,0.0
172865,qwen1.5-0.5b-chat,aime2024_cot,1.0,-1,1,5,0,0.0
172866,qwen1.5-0.5b-chat,aime2024_cot,1.0,-1,2,5,0,0.0
172867,qwen1.5-0.5b-chat,aime2024_cot,1.0,-1,3,5,0,0.0
172868,qwen1.5-0.5b-chat,aime2024_cot,1.0,-1,4,5,0,0.0
172869,qwen1.5-0.5b-chat,aime2024_cot,1.0,-1,5,5,0,0.0
172870,qwen1.5-0.5b-chat,aime2024_cot,1.0,-1,6,5,0,0.0
172871,qwen1.5-0.5b-chat,aime2024_cot,1.0,-1,7,5,0,0.0
172872,qwen1.5-0.5b-chat,aime2024_cot,1.0,-1,8,5,0,0.0
172873,qwen1.5-0.5b-chat,aime2024_cot,1.0,-1,9,5,0,0.0
172874,qwen1.5-0.5b-chat,aime2024_cot,1.0,-1,10,5,0,0.0
172875,qwen1.5-0.5b-chat,aime2024_cot,1.0,-1,11,5,0,0.0
172876,qwen1.5-0.5b-chat,aime2024_cot,1.0,-1,12,5,0,0.0
172877,qwen1.5-0.5b-chat,aime2024_cot,1.0,-1,13,5,0,0.0
172878,qwen1.5-0.5b-chat,aime2024_cot,1.0,-1,14,5,0,0.0
172879,qwen1.5-0.5b-chat,aime2024_cot,1.0,-1,15,5,0,0.0
172880,qwen1.5-0.5b-chat,aime2024_cot,1.0,-1,16,5,0,0.0
172881,qwen1.5-0.5b-chat,aime2024_cot,1.0,-1,17,5,0,0.0
172882,qwen1.5-0.5b-chat,aime2024_cot,1.0,-1,18,5,0,0.0
172883,qwen1.5-0.5b-chat,aime2024_cot,1.0,-1,19,5,0,0.0
172884,qwen1.5-0.5b-chat,aime2024_cot,1.0,-1,20,5,0,0.0
172885,qwen1.5-0.5b-chat,aime2024_cot,1.0,-1,21,5,0,0.0
172886,qwen1.5-0.5b-chat,aime2024_cot,1.0,-1,22,5,0,0.0
172887,qwen1.5-0.5b-chat,aime2024_cot,1.0,-1,23,5,0,0.0
172888,qwen1.5-0.5b-chat,aime2024_cot,1.0,-1,24,5,0,0.0
172889,qwen1.5-0.5b-chat,aime2024_cot,1.0,-1,25,5,0,0.0
172890,qwen1.5-0.5b-chat,aime2024_cot,1.0,-1,26,5,0,0.0
172891,qwen1.5-0.5b-chat,aime2024_cot,1.0,-1,27,5,0,0.0
172892,qwen1.5-0.5b-chat,aime2024_cot,1.0,-1,28,5,0,0.0
172893,qwen1.5-0.5b-chat,aime2024_cot,1.0,-1,29,5,0,0.0
217440,qwen1.5-1.8b-chat,aime2024_cot,1.0,-1,0,3,0,0.0
217441,qwen1.5-1.8b-chat,aime2024_cot,1.0,-1,1,3,0,0.0
217442,qwen1.5-1.8b-chat,aime2024_cot,1.0,-1,2,3,0,0.0
217443,qwen1.5-1.8b-chat,aime2024_cot,1.0,-1,3,3,0,0.0
217444,qwen1.5-1.8b-chat,aime2024_cot,1.0,-1,4,3,0,0.0
217445,qwen1.5-1.8b-chat,aime2024_cot,1.0,-1,5,3,0,0.0
217446,qwen1.5-1.8b-chat,aime2024_cot,1.0,-1,6,3,0,0.0
217447,qwen1.5-1.8b-chat,aime2024_cot,1.0,-1,7,3,0,0.0
217448,qwen1.5-1.8b-chat,aime2024_cot,1.0,-1,8,3,0,0.0
217449,qwen1.5-1.8b-chat,aime2024_cot,1.0,-1,9,3,0,0.0
217450,qwen1.5-1.8b-chat,aime2024_cot,1.0,-1,10,3,0,0.0
217451,qwen1.5-1.8b-chat,aime2024_cot,1.0,-1,11,3,0,0.0
217452,qwen1.5-1.8b-chat,aime2024_cot,1.0,-1,12,3,0,0.0
217453,qwen1.5-1.8b-chat,aime2024_cot,1.0,-1,13,3,0,0.0
217454,qwen1.5-1.8b-chat,aime2024_cot,1.0,-1,14,3,0,0.0
217455,qwen1.5-1.8b-chat,aime2024_cot,1.0,-1,15,3,0,0.0
217456,qwen1.5-1.8b-chat,aime2024_cot,1.0,-1,16,3,0,0.0
217457,qwen1.5-1.8b-chat,aime2024_cot,1.0,-1,17,3,0,0.0
217458,qwen1.5-1.8b-chat,aime2024_cot,1.0,-1,18,3,0,0.0
217459,qwen1.5-1.8b-chat,aime2024_cot,1.0,-1,19,3,0,0.0
217460,qwen1.5-1.8b-chat,aime2024_cot,1.0,-1,20,3,0,0.0
217461,qwen1.5-1.8b-chat,aime2024_cot,1.0,-1,21,3,0,0.0
217462,qwen1.5-1.8b-chat,aime2024_cot,1.0,-1,22,3,0,0.0
217463,qwen1.5-1.8b-chat,aime2024_cot,1.0,-1,23,3,0,0.0
217464,qwen1.5-1.8b-chat,aime2024_cot,1.0,-1,24,3,0,0.0
217465,qwen1.5-1.8b-chat,aime2024_cot,1.0,-1,25,3,0,0.0
217466,qwen1.5-1.8b-chat,aime2024_cot,1.0,-1,26,3,0,0.0
217467,qwen1.5-1.8b-chat,aime2024_cot,1.0,-1,27,3,0,0.0
217468,qwen1.5-1.8b-chat,aime2024_cot,1.0,-1,28,3,0,0.0
217469,qwen1.5-1.8b-chat,aime2024_cot,1.0,-1,29,3,0,0.0
262016,qwen1.5-14b-chat,aime2024_cot,1.0,-1,0,3,0,0.0
262017,qwen1.5-14b-chat,aime2024_cot,1.0,-1,1,3,1,0.3333333333
262018,qwen1.5-14b-chat,aime2024_cot,1.0,-1,2,3,0,0.0
262019,qwen1.5-14b-chat,aime2024_cot,1.0,-1,3,3,0,0.0
262020,qwen1.5-14b-chat,aime2024_cot,1.0,-1,4,3,0,0.0
262021,qwen1.5-14b-chat,aime2024_cot,1.0,-1,5,3,0,0.0
262022,qwen1.5-14b-chat,aime2024_cot,1.0,-1,6,3,0,0.0
262023,qwen1.5-14b-chat,aime2024_cot,1.0,-1,7,3,0,0.0
262024,qwen1.5-14b-chat,aime2024_cot,1.0,-1,8,3,0,0.0
262025,qwen1.5-14b-chat,aime2024_cot,1.0,-1,9,3,0,0.0
262026,qwen1.5-14b-chat,aime2024_cot,1.0,-1,10,3,0,0.0
262027,qwen1.5-14b-chat,aime2024_cot,1.0,-1,11,3,0,0.0
262028,qwen1.5-14b-chat,aime2024_cot,1.0,-1,12,3,0,0.0
262029,qwen1.5-14b-chat,aime2024_cot,1.0,-1,13,3,0,0.0
262030,qwen1.5-14b-chat,aime2024_cot,1.0,-1,14,3,0,0.0
262031,qwen1.5-14b-chat,aime2024_cot,1.0,-1,15,3,0,0.0
262032,qwen1.5-14b-chat,aime2024_cot,1.0,-1,16,3,0,0.0
262033,qwen1.5-14b-chat,aime2024_cot,1.0,-1,17,3,0,0.0
262034,qwen1.5-14b-chat,aime2024_cot,1.0,-1,18,3,0,0.0
262035,qwen1.5-14b-chat,aime2024_cot,1.0,-1,19,3,0,0.0
262036,qwen1.5-14b-chat,aime2024_cot,1.0,-1,20,3,0,0.0
262037,qwen1.5-14b-chat,aime2024_cot,1.0,-1,21,3,0,0.0
262038,qwen1.5-14b-chat,aime2024_cot,1.0,-1,22,3,0,0.0
262039,qwen1.5-14b-chat,aime2024_cot,1.0,-1,23,3,0,0.0
262040,qwen1.5-14b-chat,aime2024_cot,1.0,-1,24,3,0,0.0
262041,qwen1.5-14b-chat,aime2024_cot,1.0,-1,25,3,0,0.0
262042,qwen1.5-14b-chat,aime2024_cot,1.0,-1,26,3,0,0.0
262043,qwen1.5-14b-chat,aime2024_cot,1.0,-1,27,3,0,0.0
262044,qwen1.5-14b-chat,aime2024_cot,1.0,-1,28,3,0,0.0
262045,qwen1.5-14b-chat,aime2024_cot,1.0,-1,29,3,0,0.0
307087,qwen1.5-32b-chat,aime2024_cot,1.0,-1,0,3,0,0.0
307088,qwen1.5-32b-chat,aime2024_cot,1.0,-1,1,3,0,0.0
307089,qwen1.5-32b-chat,aime2024_cot,1.0,-1,2,3,0,0.0
307090,qwen1.5-32b-chat,aime2024_cot,1.0,-1,3,3,0,0.0
307091,qwen1.5-32b-chat,aime2024_cot,1.0,-1,4,3,0,0.0
307092,qwen1.5-32b-chat,aime2024_cot,1.0,-1,5,3,0,0.0
307093,qwen1.5-32b-chat,aime2024_cot,1.0,-1,6,3,0,0.0
307094,qwen1.5-32b-chat,aime2024_cot,1.0,-1,7,3,0,0.0
307095,qwen1.5-32b-chat,aime2024_cot,1.0,-1,8,3,0,0.0
307096,qwen1.5-32b-chat,aime2024_cot,1.0,-1,9,3,0,0.0
307097,qwen1.5-32b-chat,aime2024_cot,1.0,-1,10,3,0,0.0
307098,qwen1.5-32b-chat,aime2024_cot,1.0,-1,11,3,0,0.0
307099,qwen1.5-32b-chat,aime2024_cot,1.0,-1,12,3,0,0.0
307100,qwen1.5-32b-chat,aime2024_cot,1.0,-1,13,3,0,0.0
307101,qwen1.5-32b-chat,aime2024_cot,1.0,-1,14,3,0,0.0
307102,qwen1.5-32b-chat,aime2024_cot,1.0,-1,15,3,0,0.0
307103,qwen1.5-32b-chat,aime2024_cot,1.0,-1,16,3,0,0.0
307104,qwen1.5-32b-chat,aime2024_cot,1.0,-1,17,3,0,0.0
307105,qwen1.5-32b-chat,aime2024_cot,1.0,-1,18,3,0,0.0
307106,qwen1.5-32b-chat,aime2024_cot,1.0,-1,19,3,0,0.0
307107,qwen1.5-32b-chat,aime2024_cot,1.0,-1,20,3,0,0.0
307108,qwen1.5-32b-chat,aime2024_cot,1.0,-1,21,3,0,0.0
307109,qwen1.5-32b-chat,aime2024_cot,1.0,-1,22,3,0,0.0
307110,qwen1.5-32b-chat,aime2024_cot,1.0,-1,23,3,0,0.0
307111,qwen1.5-32b-chat,aime2024_cot,1.0,-1,24,3,0,0.0
307112,qwen1.5-32b-chat,aime2024_cot,1.0,-1,25,3,0,0.0
307113,qwen1.5-32b-chat,aime2024_cot,1.0,-1,26,3,0,0.0
307114,qwen1.5-32b-chat,aime2024_cot,1.0,-1,27,3,0,0.0
307115,qwen1.5-32b-chat,aime2024_cot,1.0,-1,28,3,0,0.0
307116,qwen1.5-32b-chat,aime2024_cot,1.0,-1,29,3,0,0.0
349760,qwen1.5-72b-chat,aime2024_cot,1.0,-1,0,2,0,0.0
349761,qwen1.5-72b-chat,aime2024_cot,1.0,-1,1,2,0,0.0
349762,qwen1.5-72b-chat,aime2024_cot,1.0,-1,2,2,0,0.0
349763,qwen1.5-72b-chat,aime2024_cot,1.0,-1,3,2,0,0.0
349764,qwen1.5-72b-chat,aime2024_cot,1.0,-1,4,2,0,0.0
349765,qwen1.5-72b-chat,aime2024_cot,1.0,-1,5,2,0,0.0
349766,qwen1.5-72b-chat,aime2024_cot,1.0,-1,6,2,0,0.0
349767,qwen1.5-72b-chat,aime2024_cot,1.0,-1,7,2,0,0.0
349768,qwen1.5-72b-chat,aime2024_cot,1.0,-1,8,2,0,0.0
349769,qwen1.5-72b-chat,aime2024_cot,1.0,-1,9,2,0,0.0
349770,qwen1.5-72b-chat,aime2024_cot,1.0,-1,10,2,0,0.0
349771,qwen1.5-72b-chat,aime2024_cot,1.0,-1,11,2,0,0.0
349772,qwen1.5-72b-chat,aime2024_cot,1.0,-1,12,2,0,0.0
349773,qwen1.5-72b-chat,aime2024_cot,1.0,-1,13,2,0,0.0
349774,qwen1.5-72b-chat,aime2024_cot,1.0,-1,14,2,0,0.0
349775,qwen1.5-72b-chat,aime2024_cot,1.0,-1,15,2,0,0.0
349776,qwen1.5-72b-chat,aime2024_cot,1.0,-1,16,2,0,0.0
349777,qwen1.5-72b-chat,aime2024_cot,1.0,-1,17,2,0,0.0
349778,qwen1.5-72b-chat,aime2024_cot,1.0,-1,18,2,0,0.0
349779,qwen1.5-72b-chat,aime2024_cot,1.0,-1,19,2,0,0.0
349780,qwen1.5-72b-chat,aime2024_cot,1.0,-1,20,2,0,0.0
349781,qwen1.5-72b-chat,aime2024_cot,1.0,-1,21,2,0,0.0
349782,qwen1.5-72b-chat,aime2024_cot,1.0,-1,22,2,0,0.0
349783,qwen1.5-72b-chat,aime2024_cot,1.0,-1,23,2,0,0.0
349784,qwen1.5-72b-chat,aime2024_cot,1.0,-1,24,2,0,0.0
349785,qwen1.5-72b-chat,aime2024_cot,1.0,-1,25,2,0,0.0
349786,qwen1.5-72b-chat,aime2024_cot,1.0,-1,26,2,0,0.0
349787,qwen1.5-72b-chat,aime2024_cot,1.0,-1,27,2,0,0.0
349788,qwen1.5-72b-chat,aime2024_cot,1.0,-1,28,2,0,0.0
349789,qwen1.5-72b-chat,aime2024_cot,1.0,-1,29,2,0,0.0
391938,qwen1.5-7b-chat,aime2024_cot,1.0,-1,0,3,0,0.0
391939,qwen1.5-7b-chat,aime2024_cot,1.0,-1,1,3,0,0.0
391940,qwen1.5-7b-chat,aime2024_cot,1.0,-1,2,3,0,0.0
391941,qwen1.5-7b-chat,aime2024_cot,1.0,-1,3,3,0,0.0
391942,qwen1.5-7b-chat,aime2024_cot,1.0,-1,4,3,0,0.0
391943,qwen1.5-7b-chat,aime2024_cot,1.0,-1,5,3,0,0.0
391944,qwen1.5-7b-chat,aime2024_cot,1.0,-1,6,3,0,0.0
391945,qwen1.5-7b-chat,aime2024_cot,1.0,-1,7,3,0,0.0
391946,qwen1.5-7b-chat,aime2024_cot,1.0,-1,8,3,0,0.0
391947,qwen1.5-7b-chat,aime2024_cot,1.0,-1,9,3,0,0.0
391948,qwen1.5-7b-chat,aime2024_cot,1.0,-1,10,3,0,0.0
391949,qwen1.5-7b-chat,aime2024_cot,1.0,-1,11,3,0,0.0
391950,qwen1.5-7b-chat,aime2024_cot,1.0,-1,12,3,0,0.0
391951,qwen1.5-7b-chat,aime2024_cot,1.0,-1,13,3,0,0.0
391952,qwen1.5-7b-chat,aime2024_cot,1.0,-1,14,3,0,0.0
391953,qwen1.5-7b-chat,aime2024_cot,1.0,-1,15,3,0,0.0
391954,qwen1.5-7b-chat,aime2024_cot,1.0,-1,16,3,0,0.0
391955,qwen1.5-7b-chat,aime2024_cot,1.0,-1,17,3,0,0.0
391956,qwen1.5-7b-chat,aime2024_cot,1.0,-1,18,3,0,0.0
391957,qwen1.5-7b-chat,aime2024_cot,1.0,-1,19,3,0,0.0
391958,qwen1.5-7b-chat,aime2024_cot,1.0,-1,20,3,0,0.0
391959,qwen1.5-7b-chat,aime2024_cot,1.0,-1,21,3,0,0.0
391960,qwen1.5-7b-chat,aime2024_cot,1.0,-1,22,3,0,0.0
391961,qwen1.5-7b-chat,aime2024_cot,1.0,-1,23,3,0,0.0
391962,qwen1.5-7b-chat,aime2024_cot,1.0,-1,24,3,0,0.0
391963,qwen1.5-7b-chat,aime2024_cot,1.0,-1,25,3,0,0.0
391964,qwen1.5-7b-chat,aime2024_cot,1.0,-1,26,3,0,0.0
391965,qwen1.5-7b-chat,aime2024_cot,1.0,-1,27,3,0,0.0
391966,qwen1.5-7b-chat,aime2024_cot,1.0,-1,28,3,0,0.0
391967,qwen1.5-7b-chat,aime2024_cot,1.0,-1,29,3,0,0.0
436514,qwen2-0.5b-instruct,aime2024_cot,1.0,-1,0,5,0,0.0
436515,qwen2-0.5b-instruct,aime2024_cot,1.0,-1,1,5,0,0.0
436516,qwen2-0.5b-instruct,aime2024_cot,1.0,-1,2,5,0,0.0
436517,qwen2-0.5b-instruct,aime2024_cot,1.0,-1,3,5,0,0.0
436518,qwen2-0.5b-instruct,aime2024_cot,1.0,-1,4,5,0,0.0
436519,qwen2-0.5b-instruct,aime2024_cot,1.0,-1,5,5,0,0.0
436520,qwen2-0.5b-instruct,aime2024_cot,1.0,-1,6,5,0,0.0
436521,qwen2-0.5b-instruct,aime2024_cot,1.0,-1,7,5,0,0.0
436522,qwen2-0.5b-instruct,aime2024_cot,1.0,-1,8,5,0,0.0
436523,qwen2-0.5b-instruct,aime2024_cot,1.0,-1,9,5,0,0.0
436524,qwen2-0.5b-instruct,aime2024_cot,1.0,-1,10,5,0,0.0
436525,qwen2-0.5b-instruct,aime2024_cot,1.0,-1,11,5,0,0.0
436526,qwen2-0.5b-instruct,aime2024_cot,1.0,-1,12,5,0,0.0
436527,qwen2-0.5b-instruct,aime2024_cot,1.0,-1,13,5,0,0.0
436528,qwen2-0.5b-instruct,aime2024_cot,1.0,-1,14,5,0,0.0
436529,qwen2-0.5b-instruct,aime2024_cot,1.0,-1,15,5,0,0.0
436530,qwen2-0.5b-instruct,aime2024_cot,1.0,-1,16,5,0,0.0
436531,qwen2-0.5b-instruct,aime2024_cot,1.0,-1,17,5,0,0.0
436532,qwen2-0.5b-instruct,aime2024_cot,1.0,-1,18,5,0,0.0
436533,qwen2-0.5b-instruct,aime2024_cot,1.0,-1,19,5,0,0.0
436534,qwen2-0.5b-instruct,aime2024_cot,1.0,-1,20,5,0,0.0
436535,qwen2-0.5b-instruct,aime2024_cot,1.0,-1,21,5,0,0.0
436536,qwen2-0.5b-instruct,aime2024_cot,1.0,-1,22,5,0,0.0
436537,qwen2-0.5b-instruct,aime2024_cot,1.0,-1,23,5,0,0.0
436538,qwen2-0.5b-instruct,aime2024_cot,1.0,-1,24,5,0,0.0
436539,qwen2-0.5b-instruct,aime2024_cot,1.0,-1,25,5,0,0.0
436540,qwen2-0.5b-instruct,aime2024_cot,1.0,-1,26,5,0,0.0
436541,qwen2-0.5b-instruct,aime2024_cot,1.0,-1,27,5,0,0.0
436542,qwen2-0.5b-instruct,aime2024_cot,1.0,-1,28,5,0,0.0
436543,qwen2-0.5b-instruct,aime2024_cot,1.0,-1,29,5,0,0.0
481090,qwen2-1.5b-instruct,aime2024_cot,1.0,-1,0,4,0,0.0
481091,qwen2-1.5b-instruct,aime2024_cot,1.0,-1,1,4,0,0.0
481092,qwen2-1.5b-instruct,aime2024_cot,1.0,-1,2,4,0,0.0
481093,qwen2-1.5b-instruct,aime2024_cot,1.0,-1,3,4,0,0.0
481094,qwen2-1.5b-instruct,aime2024_cot,1.0,-1,4,4,0,0.0
481095,qwen2-1.5b-instruct,aime2024_cot,1.0,-1,5,4,0,0.0
481096,qwen2-1.5b-instruct,aime2024_cot,1.0,-1,6,4,0,0.0
481097,qwen2-1.5b-instruct,aime2024_cot,1.0,-1,7,4,0,0.0
481098,qwen2-1.5b-instruct,aime2024_cot,1.0,-1,8,4,0,0.0
481099,qwen2-1.5b-instruct,aime2024_cot,1.0,-1,9,4,0,0.0
481100,qwen2-1.5b-instruct,aime2024_cot,1.0,-1,10,4,0,0.0
481101,qwen2-1.5b-instruct,aime2024_cot,1.0,-1,11,4,0,0.0
481102,qwen2-1.5b-instruct,aime2024_cot,1.0,-1,12,4,0,0.0
481103,qwen2-1.5b-instruct,aime2024_cot,1.0,-1,13,4,0,0.0
481104,qwen2-1.5b-instruct,aime2024_cot,1.0,-1,14,4,0,0.0
481105,qwen2-1.5b-instruct,aime2024_cot,1.0,-1,15,4,0,0.0
481106,qwen2-1.5b-instruct,aime2024_cot,1.0,-1,16,4,0,0.0
481107,qwen2-1.5b-instruct,aime2024_cot,1.0,-1,17,4,0,0.0
481108,qwen2-1.5b-instruct,aime2024_cot,1.0,-1,18,4,0,0.0
481109,qwen2-1.5b-instruct,aime2024_cot,1.0,-1,19,4,0,0.0
481110,qwen2-1.5b-instruct,aime2024_cot,1.0,-1,20,4,0,0.0
481111,qwen2-1.5b-instruct,aime2024_cot,1.0,-1,21,4,0,0.0
481112,qwen2-1.5b-instruct,aime2024_cot,1.0,-1,22,4,0,0.0
481113,qwen2-1.5b-instruct,aime2024_cot,1.0,-1,23,4,0,0.0
481114,qwen2-1.5b-instruct,aime2024_cot,1.0,-1,24,4,0,0.0
481115,qwen2-1.5b-instruct,aime2024_cot,1.0,-1,25,4,0,0.0
481116,qwen2-1.5b-instruct,aime2024_cot,1.0,-1,26,4,0,0.0
481117,qwen2-1.5b-instruct,aime2024_cot,1.0,-1,27,4,0,0.0
481118,qwen2-1.5b-instruct,aime2024_cot,1.0,-1,28,4,0,0.0
481119,qwen2-1.5b-instruct,aime2024_cot,1.0,-1,29,4,0,0.0
526161,qwen2-72b-instruct,aime2024_cot,1.0,-1,0,2,0,0.0
526162,qwen2-72b-instruct,aime2024_cot,1.0,-1,1,2,0,0.0
526163,qwen2-72b-instruct,aime2024_cot,1.0,-1,2,2,0,0.0
526164,qwen2-72b-instruct,aime2024_cot,1.0,-1,3,2,1,0.5
526165,qwen2-72b-instruct,aime2024_cot,1.0,-1,4,2,0,0.0
526166,qwen2-72b-instruct,aime2024_cot,1.0,-1,5,2,0,0.0
526167,qwen2-72b-instruct,aime2024_cot,1.0,-1,6,2,0,0.0
526168,qwen2-72b-instruct,aime2024_cot,1.0,-1,7,2,0,0.0
526169,qwen2-72b-instruct,aime2024_cot,1.0,-1,8,2,0,0.0
526170,qwen2-72b-instruct,aime2024_cot,1.0,-1,9,2,0,0.0
526171,qwen2-72b-instruct,aime2024_cot,1.0,-1,10,2,0,0.0
526172,qwen2-72b-instruct,aime2024_cot,1.0,-1,11,2,0,0.0
526173,qwen2-72b-instruct,aime2024_cot,1.0,-1,12,2,0,0.0
526174,qwen2-72b-instruct,aime2024_cot,1.0,-1,13,2,0,0.0
526175,qwen2-72b-instruct,aime2024_cot,1.0,-1,14,2,0,0.0
526176,qwen2-72b-instruct,aime2024_cot,1.0,-1,15,2,0,0.0
526177,qwen2-72b-instruct,aime2024_cot,1.0,-1,16,2,0,0.0
526178,qwen2-72b-instruct,aime2024_cot,1.0,-1,17,2,0,0.0
526179,qwen2-72b-instruct,aime2024_cot,1.0,-1,18,2,0,0.0
526180,qwen2-72b-instruct,aime2024_cot,1.0,-1,19,2,0,0.0
526181,qwen2-72b-instruct,aime2024_cot,1.0,-1,20,2,0,0.0
526182,qwen2-72b-instruct,aime2024_cot,1.0,-1,21,2,0,0.0
526183,qwen2-72b-instruct,aime2024_cot,1.0,-1,22,2,0,0.0
526184,qwen2-72b-instruct,aime2024_cot,1.0,-1,23,2,0,0.0
526185,qwen2-72b-instruct,aime2024_cot,1.0,-1,24,2,0,0.0
526186,qwen2-72b-instruct,aime2024_cot,1.0,-1,25,2,0,0.0
526187,qwen2-72b-instruct,aime2024_cot,1.0,-1,26,2,1,0.5
526188,qwen2-72b-instruct,aime2024_cot,1.0,-1,27,2,0,0.0
526189,qwen2-72b-instruct,aime2024_cot,1.0,-1,28,2,0,0.0
526190,qwen2-72b-instruct,aime2024_cot,1.0,-1,29,2,0,0.0
568742,qwen2-7b-instruct,aime2024_cot,1.0,-1,0,4,0,0.0
568743,qwen2-7b-instruct,aime2024_cot,1.0,-1,1,4,0,0.0
568744,qwen2-7b-instruct,aime2024_cot,1.0,-1,2,4,0,0.0
568745,qwen2-7b-instruct,aime2024_cot,1.0,-1,3,4,0,0.0
568746,qwen2-7b-instruct,aime2024_cot,1.0,-1,4,4,0,0.0
568747,qwen2-7b-instruct,aime2024_cot,1.0,-1,5,4,0,0.0
568748,qwen2-7b-instruct,aime2024_cot,1.0,-1,6,4,0,0.0
568749,qwen2-7b-instruct,aime2024_cot,1.0,-1,7,4,0,0.0
568750,qwen2-7b-instruct,aime2024_cot,1.0,-1,8,4,0,0.0
568751,qwen2-7b-instruct,aime2024_cot,1.0,-1,9,4,0,0.0
568752,qwen2-7b-instruct,aime2024_cot,1.0,-1,10,4,0,0.0
568753,qwen2-7b-instruct,aime2024_cot,1.0,-1,11,4,0,0.0
568754,qwen2-7b-instruct,aime2024_cot,1.0,-1,12,4,0,0.0
568755,qwen2-7b-instruct,aime2024_cot,1.0,-1,13,4,0,0.0
568756,qwen2-7b-instruct,aime2024_cot,1.0,-1,14,4,0,0.0
568757,qwen2-7b-instruct,aime2024_cot,1.0,-1,15,4,0,0.0
568758,qwen2-7b-instruct,aime2024_cot,1.0,-1,16,4,0,0.0
568759,qwen2-7b-instruct,aime2024_cot,1.0,-1,17,4,0,0.0
568760,qwen2-7b-instruct,aime2024_cot,1.0,-1,18,4,0,0.0
568761,qwen2-7b-instruct,aime2024_cot,1.0,-1,19,4,0,0.0
568762,qwen2-7b-instruct,aime2024_cot,1.0,-1,20,4,0,0.0
568763,qwen2-7b-instruct,aime2024_cot,1.0,-1,21,4,0,0.0
568764,qwen2-7b-instruct,aime2024_cot,1.0,-1,22,4,0,0.0
568765,qwen2-7b-instruct,aime2024_cot,1.0,-1,23,4,0,0.0
568766,qwen2-7b-instruct,aime2024_cot,1.0,-1,24,4,0,0.0
568767,qwen2-7b-instruct,aime2024_cot,1.0,-1,25,4,0,0.0
568768,qwen2-7b-instruct,aime2024_cot,1.0,-1,26,4,0,0.0
568769,qwen2-7b-instruct,aime2024_cot,1.0,-1,27,4,0,0.0
568770,qwen2-7b-instruct,aime2024_cot,1.0,-1,28,4,0,0.0
568771,qwen2-7b-instruct,aime2024_cot,1.0,-1,29,4,0,0.0
613318,qwen2-math-1.5b-instruct,aime2024_cot,1.0,-1,0,3,0,0.0
613319,qwen2-math-1.5b-instruct,aime2024_cot,1.0,-1,1,3,3,1.0
613320,qwen2-math-1.5b-instruct,aime2024_cot,1.0,-1,2,3,0,0.0
613321,qwen2-math-1.5b-instruct,aime2024_cot,1.0,-1,3,3,0,0.0
613322,qwen2-math-1.5b-instruct,aime2024_cot,1.0,-1,4,3,0,0.0
613323,qwen2-math-1.5b-instruct,aime2024_cot,1.0,-1,5,3,0,0.0
613324,qwen2-math-1.5b-instruct,aime2024_cot,1.0,-1,6,3,0,0.0
613325,qwen2-math-1.5b-instruct,aime2024_cot,1.0,-1,7,3,0,0.0
613326,qwen2-math-1.5b-instruct,aime2024_cot,1.0,-1,8,3,0,0.0
613327,qwen2-math-1.5b-instruct,aime2024_cot,1.0,-1,9,3,0,0.0
613328,qwen2-math-1.5b-instruct,aime2024_cot,1.0,-1,10,3,0,0.0
613329,qwen2-math-1.5b-instruct,aime2024_cot,1.0,-1,11,3,0,0.0
613330,qwen2-math-1.5b-instruct,aime2024_cot,1.0,-1,12,3,0,0.0
613331,qwen2-math-1.5b-instruct,aime2024_cot,1.0,-1,13,3,0,0.0
613332,qwen2-math-1.5b-instruct,aime2024_cot,1.0,-1,14,3,0,0.0
613333,qwen2-math-1.5b-instruct,aime2024_cot,1.0,-1,15,3,0,0.0
613334,qwen2-math-1.5b-instruct,aime2024_cot,1.0,-1,16,3,0,0.0
613335,qwen2-math-1.5b-instruct,aime2024_cot,1.0,-1,17,3,0,0.0
613336,qwen2-math-1.5b-instruct,aime2024_cot,1.0,-1,18,3,0,0.0
613337,qwen2-math-1.5b-instruct,aime2024_cot,1.0,-1,19,3,0,0.0
613338,qwen2-math-1.5b-instruct,aime2024_cot,1.0,-1,20,3,0,0.0
613339,qwen2-math-1.5b-instruct,aime2024_cot,1.0,-1,21,3,0,0.0
613340,qwen2-math-1.5b-instruct,aime2024_cot,1.0,-1,22,3,0,0.0
613341,qwen2-math-1.5b-instruct,aime2024_cot,1.0,-1,23,3,0,0.0
613342,qwen2-math-1.5b-instruct,aime2024_cot,1.0,-1,24,3,0,0.0
613343,qwen2-math-1.5b-instruct,aime2024_cot,1.0,-1,25,3,0,0.0
613344,qwen2-math-1.5b-instruct,aime2024_cot,1.0,-1,26,3,0,0.0
613345,qwen2-math-1.5b-instruct,aime2024_cot,1.0,-1,27,3,0,0.0
613346,qwen2-math-1.5b-instruct,aime2024_cot,1.0,-1,28,3,0,0.0
613347,qwen2-math-1.5b-instruct,aime2024_cot,1.0,-1,29,3,0,0.0
725863,qwen2-math-7b-instruct,aime2024_cot,1.0,-1,0,2,0,0.0
725864,qwen2-math-7b-instruct,aime2024_cot,1.0,-1,1,2,1,0.5
725865,qwen2-math-7b-instruct,aime2024_cot,1.0,-1,2,2,0,0.0
725866,qwen2-math-7b-instruct,aime2024_cot,1.0,-1,3,2,1,0.5
725867,qwen2-math-7b-instruct,aime2024_cot,1.0,-1,4,2,0,0.0
725868,qwen2-math-7b-instruct,aime2024_cot,1.0,-1,5,2,0,0.0
725869,qwen2-math-7b-instruct,aime2024_cot,1.0,-1,6,2,0,0.0
725870,qwen2-math-7b-instruct,aime2024_cot,1.0,-1,7,2,0,0.0
725871,qwen2-math-7b-instruct,aime2024_cot,1.0,-1,8,2,0,0.0
725872,qwen2-math-7b-instruct,aime2024_cot,1.0,-1,9,2,0,0.0
725873,qwen2-math-7b-instruct,aime2024_cot,1.0,-1,10,2,0,0.0
725874,qwen2-math-7b-instruct,aime2024_cot,1.0,-1,11,2,0,0.0
725875,qwen2-math-7b-instruct,aime2024_cot,1.0,-1,12,2,0,0.0
725876,qwen2-math-7b-instruct,aime2024_cot,1.0,-1,13,2,0,0.0
725877,qwen2-math-7b-instruct,aime2024_cot,1.0,-1,14,2,0,0.0
725878,qwen2-math-7b-instruct,aime2024_cot,1.0,-1,15,2,0,0.0
725879,qwen2-math-7b-instruct,aime2024_cot,1.0,-1,16,2,0,0.0
725880,qwen2-math-7b-instruct,aime2024_cot,1.0,-1,17,2,0,0.0
725881,qwen2-math-7b-instruct,aime2024_cot,1.0,-1,18,2,0,0.0
725882,qwen2-math-7b-instruct,aime2024_cot,1.0,-1,19,2,0,0.0
725883,qwen2-math-7b-instruct,aime2024_cot,1.0,-1,20,2,0,0.0
725884,qwen2-math-7b-instruct,aime2024_cot,1.0,-1,21,2,0,0.0
725885,qwen2-math-7b-instruct,aime2024_cot,1.0,-1,22,2,0,0.0
725886,qwen2-math-7b-instruct,aime2024_cot,1.0,-1,23,2,0,0.0
725887,qwen2-math-7b-instruct,aime2024_cot,1.0,-1,24,2,0,0.0
725888,qwen2-math-7b-instruct,aime2024_cot,1.0,-1,25,2,0,0.0
725889,qwen2-math-7b-instruct,aime2024_cot,1.0,-1,26,2,0,0.0
725890,qwen2-math-7b-instruct,aime2024_cot,1.0,-1,27,2,0,0.0
725891,qwen2-math-7b-instruct,aime2024_cot,1.0,-1,28,2,0,0.0
725892,qwen2-math-7b-instruct,aime2024_cot,1.0,-1,29,2,0,0.0
728613,qwen2.5-coder-0.5b-instruct,aime2024_cot,1.0,-1,0,5,0,0.0
728614,qwen2.5-coder-0.5b-instruct,aime2024_cot,1.0,-1,1,5,1,0.2
728615,qwen2.5-coder-0.5b-instruct,aime2024_cot,1.0,-1,2,5,0,0.0
728616,qwen2.5-coder-0.5b-instruct,aime2024_cot,1.0,-1,3,5,0,0.0
728617,qwen2.5-coder-0.5b-instruct,aime2024_cot,1.0,-1,4,5,0,0.0
728618,qwen2.5-coder-0.5b-instruct,aime2024_cot,1.0,-1,5,5,0,0.0
728619,qwen2.5-coder-0.5b-instruct,aime2024_cot,1.0,-1,6,5,0,0.0
728620,qwen2.5-coder-0.5b-instruct,aime2024_cot,1.0,-1,7,5,0,0.0
728621,qwen2.5-coder-0.5b-instruct,aime2024_cot,1.0,-1,8,5,0,0.0
728622,qwen2.5-coder-0.5b-instruct,aime2024_cot,1.0,-1,9,5,0,0.0
728623,qwen2.5-coder-0.5b-instruct,aime2024_cot,1.0,-1,10,5,0,0.0
728624,qwen2.5-coder-0.5b-instruct,aime2024_cot,1.0,-1,11,5,0,0.0
728625,qwen2.5-coder-0.5b-instruct,aime2024_cot,1.0,-1,12,5,0,0.0
728626,qwen2.5-coder-0.5b-instruct,aime2024_cot,1.0,-1,13,5,0,0.0
728627,qwen2.5-coder-0.5b-instruct,aime2024_cot,1.0,-1,14,5,0,0.0
728628,qwen2.5-coder-0.5b-instruct,aime2024_cot,1.0,-1,15,5,0,0.0
728629,qwen2.5-coder-0.5b-instruct,aime2024_cot,1.0,-1,16,5,0,0.0
728630,qwen2.5-coder-0.5b-instruct,aime2024_cot,1.0,-1,17,5,0,0.0
728631,qwen2.5-coder-0.5b-instruct,aime2024_cot,1.0,-1,18,5,0,0.0
728632,qwen2.5-coder-0.5b-instruct,aime2024_cot,1.0,-1,19,5,0,0.0
728633,qwen2.5-coder-0.5b-instruct,aime2024_cot,1.0,-1,20,5,0,0.0
728634,qwen2.5-coder-0.5b-instruct,aime2024_cot,1.0,-1,21,5,0,0.0
728635,qwen2.5-coder-0.5b-instruct,aime2024_cot,1.0,-1,22,5,0,0.0
728636,qwen2.5-coder-0.5b-instruct,aime2024_cot,1.0,-1,23,5,0,0.0
728637,qwen2.5-coder-0.5b-instruct,aime2024_cot,1.0,-1,24,5,0,0.0
728638,qwen2.5-coder-0.5b-instruct,aime2024_cot,1.0,-1,25,5,0,0.0
728639,qwen2.5-coder-0.5b-instruct,aime2024_cot,1.0,-1,26,5,0,0.0
728640,qwen2.5-coder-0.5b-instruct,aime2024_cot,1.0,-1,27,5,0,0.0
728641,qwen2.5-coder-0.5b-instruct,aime2024_cot,1.0,-1,28,5,0,0.0
728642,qwen2.5-coder-0.5b-instruct,aime2024_cot,1.0,-1,29,5,0,0.0
773189,qwen2.5-coder-1.5b-instruct,aime2024_cot,1.0,-1,0,4,0,0.0
773190,qwen2.5-coder-1.5b-instruct,aime2024_cot,1.0,-1,1,4,0,0.0
773191,qwen2.5-coder-1.5b-instruct,aime2024_cot,1.0,-1,2,4,0,0.0
773192,qwen2.5-coder-1.5b-instruct,aime2024_cot,1.0,-1,3,4,0,0.0
773193,qwen2.5-coder-1.5b-instruct,aime2024_cot,1.0,-1,4,4,0,0.0
773194,qwen2.5-coder-1.5b-instruct,aime2024_cot,1.0,-1,5,4,0,0.0
773195,qwen2.5-coder-1.5b-instruct,aime2024_cot,1.0,-1,6,4,0,0.0
773196,qwen2.5-coder-1.5b-instruct,aime2024_cot,1.0,-1,7,4,0,0.0
773197,qwen2.5-coder-1.5b-instruct,aime2024_cot,1.0,-1,8,4,0,0.0
773198,qwen2.5-coder-1.5b-instruct,aime2024_cot,1.0,-1,9,4,0,0.0
773199,qwen2.5-coder-1.5b-instruct,aime2024_cot,1.0,-1,10,4,0,0.0
773200,qwen2.5-coder-1.5b-instruct,aime2024_cot,1.0,-1,11,4,0,0.0
773201,qwen2.5-coder-1.5b-instruct,aime2024_cot,1.0,-1,12,4,0,0.0
773202,qwen2.5-coder-1.5b-instruct,aime2024_cot,1.0,-1,13,4,0,0.0
773203,qwen2.5-coder-1.5b-instruct,aime2024_cot,1.0,-1,14,4,0,0.0
773204,qwen2.5-coder-1.5b-instruct,aime2024_cot,1.0,-1,15,4,0,0.0
773205,qwen2.5-coder-1.5b-instruct,aime2024_cot,1.0,-1,16,4,0,0.0
773206,qwen2.5-coder-1.5b-instruct,aime2024_cot,1.0,-1,17,4,0,0.0
773207,qwen2.5-coder-1.5b-instruct,aime2024_cot,1.0,-1,18,4,0,0.0
773208,qwen2.5-coder-1.5b-instruct,aime2024_cot,1.0,-1,19,4,0,0.0
773209,qwen2.5-coder-1.5b-instruct,aime2024_cot,1.0,-1,20,4,1,0.25
773210,qwen2.5-coder-1.5b-instruct,aime2024_cot,1.0,-1,21,4,0,0.0
773211,qwen2.5-coder-1.5b-instruct,aime2024_cot,1.0,-1,22,4,0,0.0
773212,qwen2.5-coder-1.5b-instruct,aime2024_cot,1.0,-1,23,4,0,0.0
773213,qwen2.5-coder-1.5b-instruct,aime2024_cot,1.0,-1,24,4,0,0.0
773214,qwen2.5-coder-1.5b-instruct,aime2024_cot,1.0,-1,25,4,0,0.0
773215,qwen2.5-coder-1.5b-instruct,aime2024_cot,1.0,-1,26,4,0,0.0
773216,qwen2.5-coder-1.5b-instruct,aime2024_cot,1.0,-1,27,4,0,0.0
773217,qwen2.5-coder-1.5b-instruct,aime2024_cot,1.0,-1,28,4,0,0.0
773218,qwen2.5-coder-1.5b-instruct,aime2024_cot,1.0,-1,29,4,0,0.0
817765,qwen2.5-coder-14b-instruct,aime2024_cot,1.0,-1,0,3,0,0.0
817766,qwen2.5-coder-14b-instruct,aime2024_cot,1.0,-1,1,3,3,1.0
817767,qwen2.5-coder-14b-instruct,aime2024_cot,1.0,-1,2,3,0,0.0
817768,qwen2.5-coder-14b-instruct,aime2024_cot,1.0,-1,3,3,0,0.0
817769,qwen2.5-coder-14b-instruct,aime2024_cot,1.0,-1,4,3,0,0.0
817770,qwen2.5-coder-14b-instruct,aime2024_cot,1.0,-1,5,3,0,0.0
817771,qwen2.5-coder-14b-instruct,aime2024_cot,1.0,-1,6,3,1,0.3333333333
817772,qwen2.5-coder-14b-instruct,aime2024_cot,1.0,-1,7,3,0,0.0
817773,qwen2.5-coder-14b-instruct,aime2024_cot,1.0,-1,8,3,0,0.0
817774,qwen2.5-coder-14b-instruct,aime2024_cot,1.0,-1,9,3,0,0.0
817775,qwen2.5-coder-14b-instruct,aime2024_cot,1.0,-1,10,3,0,0.0
817776,qwen2.5-coder-14b-instruct,aime2024_cot,1.0,-1,11,3,0,0.0
817777,qwen2.5-coder-14b-instruct,aime2024_cot,1.0,-1,12,3,0,0.0
817778,qwen2.5-coder-14b-instruct,aime2024_cot,1.0,-1,13,3,0,0.0
817779,qwen2.5-coder-14b-instruct,aime2024_cot,1.0,-1,14,3,0,0.0
817780,qwen2.5-coder-14b-instruct,aime2024_cot,1.0,-1,15,3,0,0.0
817781,qwen2.5-coder-14b-instruct,aime2024_cot,1.0,-1,16,3,0,0.0
817782,qwen2.5-coder-14b-instruct,aime2024_cot,1.0,-1,17,3,0,0.0
817783,qwen2.5-coder-14b-instruct,aime2024_cot,1.0,-1,18,3,0,0.0
817784,qwen2.5-coder-14b-instruct,aime2024_cot,1.0,-1,19,3,3,1.0
817785,qwen2.5-coder-14b-instruct,aime2024_cot,1.0,-1,20,3,0,0.0
817786,qwen2.5-coder-14b-instruct,aime2024_cot,1.0,-1,21,3,0,0.0
817787,qwen2.5-coder-14b-instruct,aime2024_cot,1.0,-1,22,3,0,0.0
817788,qwen2.5-coder-14b-instruct,aime2024_cot,1.0,-1,23,3,0,0.0
817789,qwen2.5-coder-14b-instruct,aime2024_cot,1.0,-1,24,3,0,0.0
817790,qwen2.5-coder-14b-instruct,aime2024_cot,1.0,-1,25,3,0,0.0
817791,qwen2.5-coder-14b-instruct,aime2024_cot,1.0,-1,26,3,0,0.0
817792,qwen2.5-coder-14b-instruct,aime2024_cot,1.0,-1,27,3,0,0.0
817793,qwen2.5-coder-14b-instruct,aime2024_cot,1.0,-1,28,3,0,0.0
817794,qwen2.5-coder-14b-instruct,aime2024_cot,1.0,-1,29,3,0,0.0
862836,qwen2.5-coder-32b-instruct,aime2024_cot,1.0,-1,0,2,1,0.5
862837,qwen2.5-coder-32b-instruct,aime2024_cot,1.0,-1,1,2,2,1.0
862838,qwen2.5-coder-32b-instruct,aime2024_cot,1.0,-1,2,2,0,0.0
862839,qwen2.5-coder-32b-instruct,aime2024_cot,1.0,-1,3,2,1,0.5
862840,qwen2.5-coder-32b-instruct,aime2024_cot,1.0,-1,4,2,0,0.0
862841,qwen2.5-coder-32b-instruct,aime2024_cot,1.0,-1,5,2,0,0.0
862842,qwen2.5-coder-32b-instruct,aime2024_cot,1.0,-1,6,2,1,0.5
862843,qwen2.5-coder-32b-instruct,aime2024_cot,1.0,-1,7,2,0,0.0
862844,qwen2.5-coder-32b-instruct,aime2024_cot,1.0,-1,8,2,0,0.0
862845,qwen2.5-coder-32b-instruct,aime2024_cot,1.0,-1,9,2,0,0.0
862846,qwen2.5-coder-32b-instruct,aime2024_cot,1.0,-1,10,2,0,0.0
862847,qwen2.5-coder-32b-instruct,aime2024_cot,1.0,-1,11,2,0,0.0
862848,qwen2.5-coder-32b-instruct,aime2024_cot,1.0,-1,12,2,0,0.0
862849,qwen2.5-coder-32b-instruct,aime2024_cot,1.0,-1,13,2,0,0.0
862850,qwen2.5-coder-32b-instruct,aime2024_cot,1.0,-1,14,2,0,0.0
862851,qwen2.5-coder-32b-instruct,aime2024_cot,1.0,-1,15,2,0,0.0
862852,qwen2.5-coder-32b-instruct,aime2024_cot,1.0,-1,16,2,0,0.0
862853,qwen2.5-coder-32b-instruct,aime2024_cot,1.0,-1,17,2,1,0.5
862854,qwen2.5-coder-32b-instruct,aime2024_cot,1.0,-1,18,2,0,0.0
862855,qwen2.5-coder-32b-instruct,aime2024_cot,1.0,-1,19,2,0,0.0
862856,qwen2.5-coder-32b-instruct,aime2024_cot,1.0,-1,20,2,1,0.5
862857,qwen2.5-coder-32b-instruct,aime2024_cot,1.0,-1,21,2,0,0.0
862858,qwen2.5-coder-32b-instruct,aime2024_cot,1.0,-1,22,2,0,0.0
862859,qwen2.5-coder-32b-instruct,aime2024_cot,1.0,-1,23,2,0,0.0
862860,qwen2.5-coder-32b-instruct,aime2024_cot,1.0,-1,24,2,0,0.0
862861,qwen2.5-coder-32b-instruct,aime2024_cot,1.0,-1,25,2,0,0.0
862862,qwen2.5-coder-32b-instruct,aime2024_cot,1.0,-1,26,2,0,0.0
862863,qwen2.5-coder-32b-instruct,aime2024_cot,1.0,-1,27,2,0,0.0
862864,qwen2.5-coder-32b-instruct,aime2024_cot,1.0,-1,28,2,0,0.0
862865,qwen2.5-coder-32b-instruct,aime2024_cot,1.0,-1,29,2,0,0.0
905417,qwen2.5-coder-3b-instruct,aime2024_cot,1.0,-1,0,4,0,0.0
905418,qwen2.5-coder-3b-instruct,aime2024_cot,1.0,-1,1,4,1,0.25
905419,qwen2.5-coder-3b-instruct,aime2024_cot,1.0,-1,2,4,0,0.0
905420,qwen2.5-coder-3b-instruct,aime2024_cot,1.0,-1,3,4,0,0.0
905421,qwen2.5-coder-3b-instruct,aime2024_cot,1.0,-1,4,4,0,0.0
905422,qwen2.5-coder-3b-instruct,aime2024_cot,1.0,-1,5,4,0,0.0
905423,qwen2.5-coder-3b-instruct,aime2024_cot,1.0,-1,6,4,0,0.0
905424,qwen2.5-coder-3b-instruct,aime2024_cot,1.0,-1,7,4,0,0.0
905425,qwen2.5-coder-3b-instruct,aime2024_cot,1.0,-1,8,4,0,0.0
905426,qwen2.5-coder-3b-instruct,aime2024_cot,1.0,-1,9,4,0,0.0
905427,qwen2.5-coder-3b-instruct,aime2024_cot,1.0,-1,10,4,0,0.0
905428,qwen2.5-coder-3b-instruct,aime2024_cot,1.0,-1,11,4,0,0.0
905429,qwen2.5-coder-3b-instruct,aime2024_cot,1.0,-1,12,4,0,0.0
905430,qwen2.5-coder-3b-instruct,aime2024_cot,1.0,-1,13,4,0,0.0
905431,qwen2.5-coder-3b-instruct,aime2024_cot,1.0,-1,14,4,0,0.0
905432,qwen2.5-coder-3b-instruct,aime2024_cot,1.0,-1,15,4,0,0.0
905433,qwen2.5-coder-3b-instruct,aime2024_cot,1.0,-1,16,4,0,0.0
905434,qwen2.5-coder-3b-instruct,aime2024_cot,1.0,-1,17,4,0,0.0
905435,qwen2.5-coder-3b-instruct,aime2024_cot,1.0,-1,18,4,0,0.0
905436,qwen2.5-coder-3b-instruct,aime2024_cot,1.0,-1,19,4,0,0.0
905437,qwen2.5-coder-3b-instruct,aime2024_cot,1.0,-1,20,4,1,0.25
905438,qwen2.5-coder-3b-instruct,aime2024_cot,1.0,-1,21,4,0,0.0
905439,qwen2.5-coder-3b-instruct,aime2024_cot,1.0,-1,22,4,0,0.0
905440,qwen2.5-coder-3b-instruct,aime2024_cot,1.0,-1,23,4,0,0.0
905441,qwen2.5-coder-3b-instruct,aime2024_cot,1.0,-1,24,4,0,0.0
905442,qwen2.5-coder-3b-instruct,aime2024_cot,1.0,-1,25,4,0,0.0
905443,qwen2.5-coder-3b-instruct,aime2024_cot,1.0,-1,26,4,0,0.0
905444,qwen2.5-coder-3b-instruct,aime2024_cot,1.0,-1,27,4,0,0.0
905445,qwen2.5-coder-3b-instruct,aime2024_cot,1.0,-1,28,4,0,0.0
905446,qwen2.5-coder-3b-instruct,aime2024_cot,1.0,-1,29,4,0,0.0
949993,qwen2.5-coder-7b-instruct,aime2024_cot,1.0,-1,0,4,0,0.0
949994,qwen2.5-coder-7b-instruct,aime2024_cot,1.0,-1,1,4,1,0.25
949995,qwen2.5-coder-7b-instruct,aime2024_cot,1.0,-1,2,4,0,0.0
949996,qwen2.5-coder-7b-instruct,aime2024_cot,1.0,-1,3,4,3,0.75
949997,qwen2.5-coder-7b-instruct,aime2024_cot,1.0,-1,4,4,0,0.0
949998,qwen2.5-coder-7b-instruct,aime2024_cot,1.0,-1,5,4,0,0.0
949999,qwen2.5-coder-7b-instruct,aime2024_cot,1.0,-1,6,4,0,0.0
950000,qwen2.5-coder-7b-instruct,aime2024_cot,1.0,-1,7,4,0,0.0
950001,qwen2.5-coder-7b-instruct,aime2024_cot,1.0,-1,8,4,0,0.0
950002,qwen2.5-coder-7b-instruct,aime2024_cot,1.0,-1,9,4,0,0.0
950003,qwen2.5-coder-7b-instruct,aime2024_cot,1.0,-1,10,4,0,0.0
950004,qwen2.5-coder-7b-instruct,aime2024_cot,1.0,-1,11,4,0,0.0
950005,qwen2.5-coder-7b-instruct,aime2024_cot,1.0,-1,12,4,0,0.0
950006,qwen2.5-coder-7b-instruct,aime2024_cot,1.0,-1,13,4,0,0.0
950007,qwen2.5-coder-7b-instruct,aime2024_cot,1.0,-1,14,4,0,0.0
950008,qwen2.5-coder-7b-instruct,aime2024_cot,1.0,-1,15,4,0,0.0
950009,qwen2.5-coder-7b-instruct,aime2024_cot,1.0,-1,16,4,0,0.0
950010,qwen2.5-coder-7b-instruct,aime2024_cot,1.0,-1,17,4,0,0.0
950011,qwen2.5-coder-7b-instruct,aime2024_cot,1.0,-1,18,4,0,0.0
950012,qwen2.5-coder-7b-instruct,aime2024_cot,1.0,-1,19,4,0,0.0
950013,qwen2.5-coder-7b-instruct,aime2024_cot,1.0,-1,20,4,1,0.25
950014,qwen2.5-coder-7b-instruct,aime2024_cot,1.0,-1,21,4,0,0.0
950015,qwen2.5-coder-7b-instruct,aime2024_cot,1.0,-1,22,4,0,0.0
950016,qwen2.5-coder-7b-instruct,aime2024_cot,1.0,-1,23,4,0,0.0
950017,qwen2.5-coder-7b-instruct,aime2024_cot,1.0,-1,24,4,0,0.0
950018,qwen2.5-coder-7b-instruct,aime2024_cot,1.0,-1,25,4,0,0.0
950019,qwen2.5-coder-7b-instruct,aime2024_cot,1.0,-1,26,4,0,0.0
950020,qwen2.5-coder-7b-instruct,aime2024_cot,1.0,-1,27,4,0,0.0
950021,qwen2.5-coder-7b-instruct,aime2024_cot,1.0,-1,28,4,0,0.0
950022,qwen2.5-coder-7b-instruct,aime2024_cot,1.0,-1,29,4,0,0.0
994569,qwen3-0.6b,aime2024_cot,1.0,-1,0,5,0,0.0
994570,qwen3-0.6b,aime2024_cot,1.0,-1,1,5,0,0.0
994571,qwen3-0.6b,aime2024_cot,1.0,-1,2,5,0,0.0
994572,qwen3-0.6b,aime2024_cot,1.0,-1,3,5,0,0.0
994573,qwen3-0.6b,aime2024_cot,1.0,-1,4,5,0,0.0
994574,qwen3-0.6b,aime2024_cot,1.0,-1,5,5,0,0.0
994575,qwen3-0.6b,aime2024_cot,1.0,-1,6,5,0,0.0
994576,qwen3-0.6b,aime2024_cot,1.0,-1,7,5,0,0.0
994577,qwen3-0.6b,aime2024_cot,1.0,-1,8,5,0,0.0
994578,qwen3-0.6b,aime2024_cot,1.0,-1,9,5,0,0.0
994579,qwen3-0.6b,aime2024_cot,1.0,-1,10,5,0,0.0
994580,qwen3-0.6b,aime2024_cot,1.0,-1,11,5,0,0.0
994581,qwen3-0.6b,aime2024_cot,1.0,-1,12,5,0,0.0
994582,qwen3-0.6b,aime2024_cot,1.0,-1,13,5,0,0.0
994583,qwen3-0.6b,aime2024_cot,1.0,-1,14,5,0,0.0
994584,qwen3-0.6b,aime2024_cot,1.0,-1,15,5,0,0.0
994585,qwen3-0.6b,aime2024_cot,1.0,-1,16,5,0,0.0
994586,qwen3-0.6b,aime2024_cot,1.0,-1,17,5,0,0.0
994587,qwen3-0.6b,aime2024_cot,1.0,-1,18,5,0,0.0
994588,qwen3-0.6b,aime2024_cot,1.0,-1,19,5,0,0.0
994589,qwen3-0.6b,aime2024_cot,1.0,-1,20,5,0,0.0
994590,qwen3-0.6b,aime2024_cot,1.0,-1,21,5,0,0.0
994591,qwen3-0.6b,aime2024_cot,1.0,-1,22,5,0,0.0
994592,qwen3-0.6b,aime2024_cot,1.0,-1,23,5,0,0.0
994593,qwen3-0.6b,aime2024_cot,1.0,-1,24,5,0,0.0
994594,qwen3-0.6b,aime2024_cot,1.0,-1,25,5,0,0.0
994595,qwen3-0.6b,aime2024_cot,1.0,-1,26,5,0,0.0
994596,qwen3-0.6b,aime2024_cot,1.0,-1,27,5,0,0.0
994597,qwen3-0.6b,aime2024_cot,1.0,-1,28,5,0,0.0
994598,qwen3-0.6b,aime2024_cot,1.0,-1,29,5,0,0.0
1039145,qwen3-1.7b,aime2024_cot,1.0,-1,0,4,0,0.0
1039146,qwen3-1.7b,aime2024_cot,1.0,-1,1,4,4,1.0
1039147,qwen3-1.7b,aime2024_cot,1.0,-1,2,4,0,0.0
1039148,qwen3-1.7b,aime2024_cot,1.0,-1,3,4,1,0.25
1039149,qwen3-1.7b,aime2024_cot,1.0,-1,4,4,0,0.0
1039150,qwen3-1.7b,aime2024_cot,1.0,-1,5,4,0,0.0
1039151,qwen3-1.7b,aime2024_cot,1.0,-1,6,4,0,0.0
1039152,qwen3-1.7b,aime2024_cot,1.0,-1,7,4,0,0.0
1039153,qwen3-1.7b,aime2024_cot,1.0,-1,8,4,0,0.0
1039154,qwen3-1.7b,aime2024_cot,1.0,-1,9,4,0,0.0
1039155,qwen3-1.7b,aime2024_cot,1.0,-1,10,4,0,0.0
1039156,qwen3-1.7b,aime2024_cot,1.0,-1,11,4,0,0.0
1039157,qwen3-1.7b,aime2024_cot,1.0,-1,12,4,0,0.0
1039158,qwen3-1.7b,aime2024_cot,1.0,-1,13,4,0,0.0
1039159,qwen3-1.7b,aime2024_cot,1.0,-1,14,4,0,0.0
1039160,qwen3-1.7b,aime2024_cot,1.0,-1,15,4,0,0.0
1039161,qwen3-1.7b,aime2024_cot,1.0,-1,16,4,0,0.0
1039162,qwen3-1.7b,aime2024_cot,1.0,-1,17,4,0,0.0
1039163,qwen3-1.7b,aime2024_cot,1.0,-1,18,4,0,0.0
1039164,qwen3-1.7b,aime2024_cot,1.0,-1,19,4,0,0.0
1039165,qwen3-1.7b,aime2024_cot,1.0,-1,20,4,0,0.0
1039166,qwen3-1.7b,aime2024_cot,1.0,-1,21,4,0,0.0
1039167,qwen3-1.7b,aime2024_cot,1.0,-1,22,4,0,0.0
1039168,qwen3-1.7b,aime2024_cot,1.0,-1,23,4,0,0.0
1039169,qwen3-1.7b,aime2024_cot,1.0,-1,24,4,0,0.0
1039170,qwen3-1.7b,aime2024_cot,1.0,-1,25,4,0,0.0
1039171,qwen3-1.7b,aime2024_cot,1.0,-1,26,4,0,0.0
1039172,qwen3-1.7b,aime2024_cot,1.0,-1,27,4,0,0.0
1039173,qwen3-1.7b,aime2024_cot,1.0,-1,28,4,0,0.0
1039174,qwen3-1.7b,aime2024_cot,1.0,-1,29,4,0,0.0
1083721,qwen3-14b,aime2024_cot,1.0,-1,0,3,3,1.0
1083722,qwen3-14b,aime2024_cot,1.0,-1,1,3,3,1.0
1083723,qwen3-14b,aime2024_cot,1.0,-1,2,3,0,0.0
1083724,qwen3-14b,aime2024_cot,1.0,-1,3,3,3,1.0
1083725,qwen3-14b,aime2024_cot,1.0,-1,4,3,0,0.0
1083726,qwen3-14b,aime2024_cot,1.0,-1,5,3,3,1.0
1083727,qwen3-14b,aime2024_cot,1.0,-1,6,3,3,1.0
1083728,qwen3-14b,aime2024_cot,1.0,-1,7,3,0,0.0
1083729,qwen3-14b,aime2024_cot,1.0,-1,8,3,0,0.0
1083730,qwen3-14b,aime2024_cot,1.0,-1,9,3,0,0.0
1083731,qwen3-14b,aime2024_cot,1.0,-1,10,3,0,0.0
1083732,qwen3-14b,aime2024_cot,1.0,-1,11,3,0,0.0
1083733,qwen3-14b,aime2024_cot,1.0,-1,12,3,0,0.0
1083734,qwen3-14b,aime2024_cot,1.0,-1,13,3,0,0.0
1083735,qwen3-14b,aime2024_cot,1.0,-1,14,3,1,0.3333333333
1083736,qwen3-14b,aime2024_cot,1.0,-1,15,3,1,0.3333333333
1083737,qwen3-14b,aime2024_cot,1.0,-1,16,3,0,0.0
1083738,qwen3-14b,aime2024_cot,1.0,-1,17,3,0,0.0
1083739,qwen3-14b,aime2024_cot,1.0,-1,18,3,2,0.6666666667
1083740,qwen3-14b,aime2024_cot,1.0,-1,19,3,2,0.6666666667
1083741,qwen3-14b,aime2024_cot,1.0,-1,20,3,0,0.0
1083742,qwen3-14b,aime2024_cot,1.0,-1,21,3,0,0.0
1083743,qwen3-14b,aime2024_cot,1.0,-1,22,3,0,0.0
1083744,qwen3-14b,aime2024_cot,1.0,-1,23,3,0,0.0
1083745,qwen3-14b,aime2024_cot,1.0,-1,24,3,0,0.0
1083746,qwen3-14b,aime2024_cot,1.0,-1,25,3,0,0.0
1083747,qwen3-14b,aime2024_cot,1.0,-1,26,3,0,0.0
1083748,qwen3-14b,aime2024_cot,1.0,-1,27,3,0,0.0
1083749,qwen3-14b,aime2024_cot,1.0,-1,28,3,0,0.0
1083750,qwen3-14b,aime2024_cot,1.0,-1,29,3,0,0.0
1128792,qwen3-32b,aime2024_cot,1.0,-1,0,3,3,1.0
1128793,qwen3-32b,aime2024_cot,1.0,-1,1,3,3,1.0
1128794,qwen3-32b,aime2024_cot,1.0,-1,2,3,1,0.3333333333
1128795,qwen3-32b,aime2024_cot,1.0,-1,3,3,3,1.0
1128796,qwen3-32b,aime2024_cot,1.0,-1,4,3,0,0.0
1128797,qwen3-32b,aime2024_cot,1.0,-1,5,3,2,0.6666666667
1128798,qwen3-32b,aime2024_cot,1.0,-1,6,3,3,1.0
1128799,qwen3-32b,aime2024_cot,1.0,-1,7,3,0,0.0
1128800,qwen3-32b,aime2024_cot,1.0,-1,8,3,0,0.0
1128801,qwen3-32b,aime2024_cot,1.0,-1,9,3,0,0.0
1128802,qwen3-32b,aime2024_cot,1.0,-1,10,3,0,0.0
1128803,qwen3-32b,aime2024_cot,1.0,-1,11,3,0,0.0
1128804,qwen3-32b,aime2024_cot,1.0,-1,12,3,0,0.0
1128805,qwen3-32b,aime2024_cot,1.0,-1,13,3,0,0.0
1128806,qwen3-32b,aime2024_cot,1.0,-1,14,3,2,0.6666666667
1128807,qwen3-32b,aime2024_cot,1.0,-1,15,3,1,0.3333333333
1128808,qwen3-32b,aime2024_cot,1.0,-1,16,3,0,0.0
1128809,qwen3-32b,aime2024_cot,1.0,-1,17,3,0,0.0
1128810,qwen3-32b,aime2024_cot,1.0,-1,18,3,2,0.6666666667
1128811,qwen3-32b,aime2024_cot,1.0,-1,19,3,1,0.3333333333
1128812,qwen3-32b,aime2024_cot,1.0,-1,20,3,1,0.3333333333
1128813,qwen3-32b,aime2024_cot,1.0,-1,21,3,0,0.0
1128814,qwen3-32b,aime2024_cot,1.0,-1,22,3,0,0.0
1128815,qwen3-32b,aime2024_cot,1.0,-1,23,3,0,0.0
1128816,qwen3-32b,aime2024_cot,1.0,-1,24,3,1,0.3333333333
1128817,qwen3-32b,aime2024_cot,1.0,-1,25,3,0,0.0
1128818,qwen3-32b,aime2024_cot,1.0,-1,26,3,0,0.0
1128819,qwen3-32b,aime2024_cot,1.0,-1,27,3,0,0.0
1128820,qwen3-32b,aime2024_cot,1.0,-1,28,3,0,0.0
1128821,qwen3-32b,aime2024_cot,1.0,-1,29,3,0,0.0
1171373,qwen3-4b,aime2024_cot,1.0,-1,0,4,3,0.75
1171374,qwen3-4b,aime2024_cot,1.0,-1,1,4,4,1.0
1171375,qwen3-4b,aime2024_cot,1.0,-1,2,4,1,0.25
1171376,qwen3-4b,aime2024_cot,1.0,-1,3,4,4,1.0
1171377,qwen3-4b,aime2024_cot,1.0,-1,4,4,0,0.0
1171378,qwen3-4b,aime2024_cot,1.0,-1,5,4,3,0.75
1171379,qwen3-4b,aime2024_cot,1.0,-1,6,4,4,1.0
1171380,qwen3-4b,aime2024_cot,1.0,-1,7,4,0,0.0
1171381,qwen3-4b,aime2024_cot,1.0,-1,8,4,0,0.0
1171382,qwen3-4b,aime2024_cot,1.0,-1,9,4,0,0.0
1171383,qwen3-4b,aime2024_cot,1.0,-1,10,4,0,0.0
1171384,qwen3-4b,aime2024_cot,1.0,-1,11,4,0,0.0
1171385,qwen3-4b,aime2024_cot,1.0,-1,12,4,0,0.0
1171386,qwen3-4b,aime2024_cot,1.0,-1,13,4,0,0.0
1171387,qwen3-4b,aime2024_cot,1.0,-1,14,4,0,0.0
1171388,qwen3-4b,aime2024_cot,1.0,-1,15,4,0,0.0
1171389,qwen3-4b,aime2024_cot,1.0,-1,16,4,0,0.0
1171390,qwen3-4b,aime2024_cot,1.0,-1,17,4,0,0.0
1171391,qwen3-4b,aime2024_cot,1.0,-1,18,4,0,0.0
1171392,qwen3-4b,aime2024_cot,1.0,-1,19,4,0,0.0
1171393,qwen3-4b,aime2024_cot,1.0,-1,20,4,1,0.25
1171394,qwen3-4b,aime2024_cot,1.0,-1,21,4,0,0.0
1171395,qwen3-4b,aime2024_cot,1.0,-1,22,4,0,0.0
1171396,qwen3-4b,aime2024_cot,1.0,-1,23,4,0,0.0
1171397,qwen3-4b,aime2024_cot,1.0,-1,24,4,0,0.0
1171398,qwen3-4b,aime2024_cot,1.0,-1,25,4,0,0.0
1171399,qwen3-4b,aime2024_cot,1.0,-1,26,4,0,0.0
1171400,qwen3-4b,aime2024_cot,1.0,-1,27,4,1,0.25
1171401,qwen3-4b,aime2024_cot,1.0,-1,28,4,0,0.0
1171402,qwen3-4b,aime2024_cot,1.0,-1,29,4,0,0.0
1215949,qwen3-8b,aime2024_cot,1.0,-1,0,3,2,0.6666666667
1215950,qwen3-8b,aime2024_cot,1.0,-1,1,3,3,1.0
1215951,qwen3-8b,aime2024_cot,1.0,-1,2,3,1,0.3333333333
1215952,qwen3-8b,aime2024_cot,1.0,-1,3,3,1,0.3333333333
1215953,qwen3-8b,aime2024_cot,1.0,-1,4,3,0,0.0
1215954,qwen3-8b,aime2024_cot,1.0,-1,5,3,0,0.0
1215955,qwen3-8b,aime2024_cot,1.0,-1,6,3,3,1.0
1215956,qwen3-8b,aime2024_cot,1.0,-1,7,3,0,0.0
1215957,qwen3-8b,aime2024_cot,1.0,-1,8,3,0,0.0
1215958,qwen3-8b,aime2024_cot,1.0,-1,9,3,0,0.0
1215959,qwen3-8b,aime2024_cot,1.0,-1,10,3,0,0.0
1215960,qwen3-8b,aime2024_cot,1.0,-1,11,3,0,0.0
1215961,qwen3-8b,aime2024_cot,1.0,-1,12,3,0,0.0
1215962,qwen3-8b,aime2024_cot,1.0,-1,13,3,0,0.0
1215963,qwen3-8b,aime2024_cot,1.0,-1,14,3,2,0.6666666667
1215964,qwen3-8b,aime2024_cot,1.0,-1,15,3,0,0.0
1215965,qwen3-8b,aime2024_cot,1.0,-1,16,3,0,0.0
1215966,qwen3-8b,aime2024_cot,1.0,-1,17,3,0,0.0
1215967,qwen3-8b,aime2024_cot,1.0,-1,18,3,2,0.6666666667
1215968,qwen3-8b,aime2024_cot,1.0,-1,19,3,0,0.0
1215969,qwen3-8b,aime2024_cot,1.0,-1,20,3,2,0.6666666667
1215970,qwen3-8b,aime2024_cot,1.0,-1,21,3,0,0.0
1215971,qwen3-8b,aime2024_cot,1.0,-1,22,3,0,0.0
1215972,qwen3-8b,aime2024_cot,1.0,-1,23,3,0,0.0
1215973,qwen3-8b,aime2024_cot,1.0,-1,24,3,0,0.0
1215974,qwen3-8b,aime2024_cot,1.0,-1,25,3,0,0.0
1215975,qwen3-8b,aime2024_cot,1.0,-1,26,3,0,0.0
1215976,qwen3-8b,aime2024_cot,1.0,-1,27,3,0,0.0
1215977,qwen3-8b,aime2024_cot,1.0,-1,28,3,0,0.0
1215978,qwen3-8b,aime2024_cot,1.0,-1,29,3,0,0.0
1261520,deepseek_r1_distill_llama_70b,aime2024_cot,1.0,-1,0,2,1,0.5
1261521,deepseek_r1_distill_llama_70b,aime2024_cot,1.0,-1,1,2,1,0.5
1261522,deepseek_r1_distill_llama_70b,aime2024_cot,1.0,-1,2,2,2,1.0
1261523,deepseek_r1_distill_llama_70b,aime2024_cot,1.0,-1,3,2,2,1.0
1261524,deepseek_r1_distill_llama_70b,aime2024_cot,1.0,-1,4,2,0,0.0
1261525,deepseek_r1_distill_llama_70b,aime2024_cot,1.0,-1,5,2,2,1.0
1261526,deepseek_r1_distill_llama_70b,aime2024_cot,1.0,-1,6,2,2,1.0
1261527,deepseek_r1_distill_llama_70b,aime2024_cot,1.0,-1,7,2,0,0.0
1261528,deepseek_r1_distill_llama_70b,aime2024_cot,1.0,-1,8,2,0,0.0
1261529,deepseek_r1_distill_llama_70b,aime2024_cot,1.0,-1,9,2,0,0.0
1261530,deepseek_r1_distill_llama_70b,aime2024_cot,1.0,-1,10,2,0,0.0
1261531,deepseek_r1_distill_llama_70b,aime2024_cot,1.0,-1,11,2,0,0.0
1261532,deepseek_r1_distill_llama_70b,aime2024_cot,1.0,-1,12,2,1,0.5
1261533,deepseek_r1_distill_llama_70b,aime2024_cot,1.0,-1,13,2,1,0.5
1261534,deepseek_r1_distill_llama_70b,aime2024_cot,1.0,-1,14,2,0,0.0
1261535,deepseek_r1_distill_llama_70b,aime2024_cot,1.0,-1,15,2,2,1.0
1261536,deepseek_r1_distill_llama_70b,aime2024_cot,1.0,-1,16,2,1,0.5
1261537,deepseek_r1_distill_llama_70b,aime2024_cot,1.0,-1,17,2,1,0.5
1261538,deepseek_r1_distill_llama_70b,aime2024_cot,1.0,-1,18,2,2,1.0
1261539,deepseek_r1_distill_llama_70b,aime2024_cot,1.0,-1,19,2,1,0.5
1261540,deepseek_r1_distill_llama_70b,aime2024_cot,1.0,-1,20,2,2,1.0
1261541,deepseek_r1_distill_llama_70b,aime2024_cot,1.0,-1,21,2,0,0.0
1261542,deepseek_r1_distill_llama_70b,aime2024_cot,1.0,-1,22,2,0,0.0
1261543,deepseek_r1_distill_llama_70b,aime2024_cot,1.0,-1,23,2,0,0.0
1261544,deepseek_r1_distill_llama_70b,aime2024_cot,1.0,-1,24,2,0,0.0
1261545,deepseek_r1_distill_llama_70b,aime2024_cot,1.0,-1,25,2,0,0.0
1261546,deepseek_r1_distill_llama_70b,aime2024_cot,1.0,-1,26,2,1,0.5
1261547,deepseek_r1_distill_llama_70b,aime2024_cot,1.0,-1,27,2,1,0.5
1261548,deepseek_r1_distill_llama_70b,aime2024_cot,1.0,-1,28,2,0,0.0
1261549,deepseek_r1_distill_llama_70b,aime2024_cot,1.0,-1,29,2,0,0.0
1292069,deepseek_r1_distill_llama_8b,aime2024_cot,1.0,-1,0,4,1,0.25
1292070,deepseek_r1_distill_llama_8b,aime2024_cot,1.0,-1,1,4,4,1.0
1292071,deepseek_r1_distill_llama_8b,aime2024_cot,1.0,-1,2,4,2,0.5
1292072,deepseek_r1_distill_llama_8b,aime2024_cot,1.0,-1,3,4,3,0.75
1292073,deepseek_r1_distill_llama_8b,aime2024_cot,1.0,-1,4,4,0,0.0
1292074,deepseek_r1_distill_llama_8b,aime2024_cot,1.0,-1,5,4,2,0.5
1292075,deepseek_r1_distill_llama_8b,aime2024_cot,1.0,-1,6,4,0,0.0
1292076,deepseek_r1_distill_llama_8b,aime2024_cot,1.0,-1,7,4,0,0.0
1292077,deepseek_r1_distill_llama_8b,aime2024_cot,1.0,-1,8,4,0,0.0
1292078,deepseek_r1_distill_llama_8b,aime2024_cot,1.0,-1,9,4,0,0.0
1292079,deepseek_r1_distill_llama_8b,aime2024_cot,1.0,-1,10,4,0,0.0
1292080,deepseek_r1_distill_llama_8b,aime2024_cot,1.0,-1,11,4,0,0.0
1292081,deepseek_r1_distill_llama_8b,aime2024_cot,1.0,-1,12,4,0,0.0
1292082,deepseek_r1_distill_llama_8b,aime2024_cot,1.0,-1,13,4,0,0.0
1292083,deepseek_r1_distill_llama_8b,aime2024_cot,1.0,-1,14,4,0,0.0
1292084,deepseek_r1_distill_llama_8b,aime2024_cot,1.0,-1,15,4,0,0.0
1292085,deepseek_r1_distill_llama_8b,aime2024_cot,1.0,-1,16,4,0,0.0
1292086,deepseek_r1_distill_llama_8b,aime2024_cot,1.0,-1,17,4,0,0.0
1292087,deepseek_r1_distill_llama_8b,aime2024_cot,1.0,-1,18,4,3,0.75
1292088,deepseek_r1_distill_llama_8b,aime2024_cot,1.0,-1,19,4,0,0.0
1292089,deepseek_r1_distill_llama_8b,aime2024_cot,1.0,-1,20,4,1,0.25
1292090,deepseek_r1_distill_llama_8b,aime2024_cot,1.0,-1,21,4,0,0.0
1292091,deepseek_r1_distill_llama_8b,aime2024_cot,1.0,-1,22,4,0,0.0
1292092,deepseek_r1_distill_llama_8b,aime2024_cot,1.0,-1,23,4,0,0.0
1292093,deepseek_r1_distill_llama_8b,aime2024_cot,1.0,-1,24,4,0,0.0
1292094,deepseek_r1_distill_llama_8b,aime2024_cot,1.0,-1,25,4,0,0.0
1292095,deepseek_r1_distill_llama_8b,aime2024_cot,1.0,-1,26,4,0,0.0
1292096,deepseek_r1_distill_llama_8b,aime2024_cot,1.0,-1,27,4,0,0.0
1292097,deepseek_r1_distill_llama_8b,aime2024_cot,1.0,-1,28,4,0,0.0
1292098,deepseek_r1_distill_llama_8b,aime2024_cot,1.0,-1,29,4,0,0.0
1336645,deepseek_r1_distill_qwen_1.5b,aime2024_cot,1.0,-1,0,4,2,0.5
1336646,deepseek_r1_distill_qwen_1.5b,aime2024_cot,1.0,-1,1,4,1,0.25
1336647,deepseek_r1_distill_qwen_1.5b,aime2024_cot,1.0,-1,2,4,0,0.0
1336648,deepseek_r1_distill_qwen_1.5b,aime2024_cot,1.0,-1,3,4,3,0.75
1336649,deepseek_r1_distill_qwen_1.5b,aime2024_cot,1.0,-1,4,4,0,0.0
1336650,deepseek_r1_distill_qwen_1.5b,aime2024_cot,1.0,-1,5,4,0,0.0
1336651,deepseek_r1_distill_qwen_1.5b,aime2024_cot,1.0,-1,6,4,4,1.0
1336652,deepseek_r1_distill_qwen_1.5b,aime2024_cot,1.0,-1,7,4,0,0.0
1336653,deepseek_r1_distill_qwen_1.5b,aime2024_cot,1.0,-1,8,4,0,0.0
1336654,deepseek_r1_distill_qwen_1.5b,aime2024_cot,1.0,-1,9,4,0,0.0
1336655,deepseek_r1_distill_qwen_1.5b,aime2024_cot,1.0,-1,10,4,0,0.0
1336656,deepseek_r1_distill_qwen_1.5b,aime2024_cot,1.0,-1,11,4,0,0.0
1336657,deepseek_r1_distill_qwen_1.5b,aime2024_cot,1.0,-1,12,4,0,0.0
1336658,deepseek_r1_distill_qwen_1.5b,aime2024_cot,1.0,-1,13,4,0,0.0
1336659,deepseek_r1_distill_qwen_1.5b,aime2024_cot,1.0,-1,14,4,1,0.25
1336660,deepseek_r1_distill_qwen_1.5b,aime2024_cot,1.0,-1,15,4,0,0.0
1336661,deepseek_r1_distill_qwen_1.5b,aime2024_cot,1.0,-1,16,4,0,0.0
1336662,deepseek_r1_distill_qwen_1.5b,aime2024_cot,1.0,-1,17,4,0,0.0
1336663,deepseek_r1_distill_qwen_1.5b,aime2024_cot,1.0,-1,18,4,4,1.0
1336664,deepseek_r1_distill_qwen_1.5b,aime2024_cot,1.0,-1,19,4,0,0.0
1336665,deepseek_r1_distill_qwen_1.5b,aime2024_cot,1.0,-1,20,4,1,0.25
1336666,deepseek_r1_distill_qwen_1.5b,aime2024_cot,1.0,-1,21,4,0,0.0
1336667,deepseek_r1_distill_qwen_1.5b,aime2024_cot,1.0,-1,22,4,0,0.0
1336668,deepseek_r1_distill_qwen_1.5b,aime2024_cot,1.0,-1,23,4,0,0.0
1336669,deepseek_r1_distill_qwen_1.5b,aime2024_cot,1.0,-1,24,4,0,0.0
1336670,deepseek_r1_distill_qwen_1.5b,aime2024_cot,1.0,-1,25,4,0,0.0
1336671,deepseek_r1_distill_qwen_1.5b,aime2024_cot,1.0,-1,26,4,0,0.0
1336672,deepseek_r1_distill_qwen_1.5b,aime2024_cot,1.0,-1,27,4,0,0.0
1336673,deepseek_r1_distill_qwen_1.5b,aime2024_cot,1.0,-1,28,4,0,0.0
1336674,deepseek_r1_distill_qwen_1.5b,aime2024_cot,1.0,-1,29,4,0,0.0
1381221,deepseek_r1_distill_qwen_14b,aime2024_cot,1.0,-1,0,4,0,0.0
1381222,deepseek_r1_distill_qwen_14b,aime2024_cot,1.0,-1,1,4,1,0.25
1381223,deepseek_r1_distill_qwen_14b,aime2024_cot,1.0,-1,2,4,1,0.25
1381224,deepseek_r1_distill_qwen_14b,aime2024_cot,1.0,-1,3,4,4,1.0
1381225,deepseek_r1_distill_qwen_14b,aime2024_cot,1.0,-1,4,4,0,0.0
1381226,deepseek_r1_distill_qwen_14b,aime2024_cot,1.0,-1,5,4,4,1.0
1381227,deepseek_r1_distill_qwen_14b,aime2024_cot,1.0,-1,6,4,4,1.0
1381228,deepseek_r1_distill_qwen_14b,aime2024_cot,1.0,-1,7,4,0,0.0
1381229,deepseek_r1_distill_qwen_14b,aime2024_cot,1.0,-1,8,4,0,0.0
1381230,deepseek_r1_distill_qwen_14b,aime2024_cot,1.0,-1,9,4,0,0.0
1381231,deepseek_r1_distill_qwen_14b,aime2024_cot,1.0,-1,10,4,0,0.0
1381232,deepseek_r1_distill_qwen_14b,aime2024_cot,1.0,-1,11,4,0,0.0
1381233,deepseek_r1_distill_qwen_14b,aime2024_cot,1.0,-1,12,4,0,0.0
1381234,deepseek_r1_distill_qwen_14b,aime2024_cot,1.0,-1,13,4,0,0.0
1381235,deepseek_r1_distill_qwen_14b,aime2024_cot,1.0,-1,14,4,1,0.25
1381236,deepseek_r1_distill_qwen_14b,aime2024_cot,1.0,-1,15,4,1,0.25
1381237,deepseek_r1_distill_qwen_14b,aime2024_cot,1.0,-1,16,4,0,0.0
1381238,deepseek_r1_distill_qwen_14b,aime2024_cot,1.0,-1,17,4,1,0.25
1381239,deepseek_r1_distill_qwen_14b,aime2024_cot,1.0,-1,18,4,4,1.0
1381240,deepseek_r1_distill_qwen_14b,aime2024_cot,1.0,-1,19,4,0,0.0
1381241,deepseek_r1_distill_qwen_14b,aime2024_cot,1.0,-1,20,4,2,0.5
1381242,deepseek_r1_distill_qwen_14b,aime2024_cot,1.0,-1,21,4,0,0.0
1381243,deepseek_r1_distill_qwen_14b,aime2024_cot,1.0,-1,22,4,0,0.0
1381244,deepseek_r1_distill_qwen_14b,aime2024_cot,1.0,-1,23,4,0,0.0
1381245,deepseek_r1_distill_qwen_14b,aime2024_cot,1.0,-1,24,4,1,0.25
1381246,deepseek_r1_distill_qwen_14b,aime2024_cot,1.0,-1,25,4,0,0.0
1381247,deepseek_r1_distill_qwen_14b,aime2024_cot,1.0,-1,26,4,1,0.25
1381248,deepseek_r1_distill_qwen_14b,aime2024_cot,1.0,-1,27,4,1,0.25
1381249,deepseek_r1_distill_qwen_14b,aime2024_cot,1.0,-1,28,4,0,0.0
1381250,deepseek_r1_distill_qwen_14b,aime2024_cot,1.0,-1,29,4,0,0.0
1426292,deepseek_r1_distill_qwen_32b,aime2024_cot,1.0,-1,0,2,2,1.0
1426293,deepseek_r1_distill_qwen_32b,aime2024_cot,1.0,-1,1,2,1,0.5
1426294,deepseek_r1_distill_qwen_32b,aime2024_cot,1.0,-1,2,2,2,1.0
1426295,deepseek_r1_distill_qwen_32b,aime2024_cot,1.0,-1,3,2,2,1.0
1426296,deepseek_r1_distill_qwen_32b,aime2024_cot,1.0,-1,4,2,0,0.0
1426297,deepseek_r1_distill_qwen_32b,aime2024_cot,1.0,-1,5,2,2,1.0
1426298,deepseek_r1_distill_qwen_32b,aime2024_cot,1.0,-1,6,2,2,1.0
1426299,deepseek_r1_distill_qwen_32b,aime2024_cot,1.0,-1,7,2,0,0.0
1426300,deepseek_r1_distill_qwen_32b,aime2024_cot,1.0,-1,8,2,0,0.0
1426301,deepseek_r1_distill_qwen_32b,aime2024_cot,1.0,-1,9,2,0,0.0
1426302,deepseek_r1_distill_qwen_32b,aime2024_cot,1.0,-1,10,2,0,0.0
1426303,deepseek_r1_distill_qwen_32b,aime2024_cot,1.0,-1,11,2,0,0.0
1426304,deepseek_r1_distill_qwen_32b,aime2024_cot,1.0,-1,12,2,1,0.5
1426305,deepseek_r1_distill_qwen_32b,aime2024_cot,1.0,-1,13,2,0,0.0
1426306,deepseek_r1_distill_qwen_32b,aime2024_cot,1.0,-1,14,2,2,1.0
1426307,deepseek_r1_distill_qwen_32b,aime2024_cot,1.0,-1,15,2,1,0.5
1426308,deepseek_r1_distill_qwen_32b,aime2024_cot,1.0,-1,16,2,1,0.5
1426309,deepseek_r1_distill_qwen_32b,aime2024_cot,1.0,-1,17,2,1,0.5
1426310,deepseek_r1_distill_qwen_32b,aime2024_cot,1.0,-1,18,2,2,1.0
1426311,deepseek_r1_distill_qwen_32b,aime2024_cot,1.0,-1,19,2,0,0.0
1426312,deepseek_r1_distill_qwen_32b,aime2024_cot,1.0,-1,20,2,1,0.5
1426313,deepseek_r1_distill_qwen_32b,aime2024_cot,1.0,-1,21,2,0,0.0
1426314,deepseek_r1_distill_qwen_32b,aime2024_cot,1.0,-1,22,2,0,0.0
1426315,deepseek_r1_distill_qwen_32b,aime2024_cot,1.0,-1,23,2,0,0.0
1426316,deepseek_r1_distill_qwen_32b,aime2024_cot,1.0,-1,24,2,1,0.5
1426317,deepseek_r1_distill_qwen_32b,aime2024_cot,1.0,-1,25,2,0,0.0
1426318,deepseek_r1_distill_qwen_32b,aime2024_cot,1.0,-1,26,2,0,0.0
1426319,deepseek_r1_distill_qwen_32b,aime2024_cot,1.0,-1,27,2,0,0.0
1426320,deepseek_r1_distill_qwen_32b,aime2024_cot,1.0,-1,28,2,0,0.0
1426321,deepseek_r1_distill_qwen_32b,aime2024_cot,1.0,-1,29,2,0,0.0
1468873,deepseek_r1_distill_qwen_7b,aime2024_cot,1.0,-1,0,4,4,1.0
1468874,deepseek_r1_distill_qwen_7b,aime2024_cot,1.0,-1,1,4,1,0.25
1468875,deepseek_r1_distill_qwen_7b,aime2024_cot,1.0,-1,2,4,2,0.5
1468876,deepseek_r1_distill_qwen_7b,aime2024_cot,1.0,-1,3,4,4,1.0
1468877,deepseek_r1_distill_qwen_7b,aime2024_cot,1.0,-1,4,4,0,0.0
1468878,deepseek_r1_distill_qwen_7b,aime2024_cot,1.0,-1,5,4,3,0.75
1468879,deepseek_r1_distill_qwen_7b,aime2024_cot,1.0,-1,6,4,2,0.5
1468880,deepseek_r1_distill_qwen_7b,aime2024_cot,1.0,-1,7,4,0,0.0
1468881,deepseek_r1_distill_qwen_7b,aime2024_cot,1.0,-1,8,4,0,0.0
1468882,deepseek_r1_distill_qwen_7b,aime2024_cot,1.0,-1,9,4,0,0.0
1468883,deepseek_r1_distill_qwen_7b,aime2024_cot,1.0,-1,10,4,0,0.0
1468884,deepseek_r1_distill_qwen_7b,aime2024_cot,1.0,-1,11,4,0,0.0
1468885,deepseek_r1_distill_qwen_7b,aime2024_cot,1.0,-1,12,4,0,0.0
1468886,deepseek_r1_distill_qwen_7b,aime2024_cot,1.0,-1,13,4,0,0.0
1468887,deepseek_r1_distill_qwen_7b,aime2024_cot,1.0,-1,14,4,1,0.25
1468888,deepseek_r1_distill_qwen_7b,aime2024_cot,1.0,-1,15,4,2,0.5
1468889,deepseek_r1_distill_qwen_7b,aime2024_cot,1.0,-1,16,4,0,0.0
1468890,deepseek_r1_distill_qwen_7b,aime2024_cot,1.0,-1,17,4,4,1.0
1468891,deepseek_r1_distill_qwen_7b,aime2024_cot,1.0,-1,18,4,4,1.0
1468892,deepseek_r1_distill_qwen_7b,aime2024_cot,1.0,-1,19,4,0,0.0
1468893,deepseek_r1_distill_qwen_7b,aime2024_cot,1.0,-1,20,4,2,0.5
1468894,deepseek_r1_distill_qwen_7b,aime2024_cot,1.0,-1,21,4,0,0.0
1468895,deepseek_r1_distill_qwen_7b,aime2024_cot,1.0,-1,22,4,0,0.0
1468896,deepseek_r1_distill_qwen_7b,aime2024_cot,1.0,-1,23,4,0,0.0
1468897,deepseek_r1_distill_qwen_7b,aime2024_cot,1.0,-1,24,4,0,0.0
1468898,deepseek_r1_distill_qwen_7b,aime2024_cot,1.0,-1,25,4,0,0.0
1468899,deepseek_r1_distill_qwen_7b,aime2024_cot,1.0,-1,26,4,0,0.0
1468900,deepseek_r1_distill_qwen_7b,aime2024_cot,1.0,-1,27,4,2,0.5
1468901,deepseek_r1_distill_qwen_7b,aime2024_cot,1.0,-1,28,4,0,0.0
1468902,deepseek_r1_distill_qwen_7b,aime2024_cot,1.0,-1,29,4,0,0.0
1514444,deepseek_v2_lite_chat,aime2024_cot,1.0,-1,0,3,0,0.0
1514445,deepseek_v2_lite_chat,aime2024_cot,1.0,-1,1,3,0,0.0
1514446,deepseek_v2_lite_chat,aime2024_cot,1.0,-1,2,3,0,0.0
1514447,deepseek_v2_lite_chat,aime2024_cot,1.0,-1,3,3,0,0.0
1514448,deepseek_v2_lite_chat,aime2024_cot,1.0,-1,4,3,0,0.0
1514449,deepseek_v2_lite_chat,aime2024_cot,1.0,-1,5,3,0,0.0
1514450,deepseek_v2_lite_chat,aime2024_cot,1.0,-1,6,3,0,0.0
1514451,deepseek_v2_lite_chat,aime2024_cot,1.0,-1,7,3,0,0.0
1514452,deepseek_v2_lite_chat,aime2024_cot,1.0,-1,8,3,0,0.0
1514453,deepseek_v2_lite_chat,aime2024_cot,1.0,-1,9,3,0,0.0
1514454,deepseek_v2_lite_chat,aime2024_cot,1.0,-1,10,3,0,0.0
1514455,deepseek_v2_lite_chat,aime2024_cot,1.0,-1,11,3,0,0.0
1514456,deepseek_v2_lite_chat,aime2024_cot,1.0,-1,12,3,0,0.0
1514457,deepseek_v2_lite_chat,aime2024_cot,1.0,-1,13,3,0,0.0
1514458,deepseek_v2_lite_chat,aime2024_cot,1.0,-1,14,3,0,0.0
1514459,deepseek_v2_lite_chat,aime2024_cot,1.0,-1,15,3,0,0.0
1514460,deepseek_v2_lite_chat,aime2024_cot,1.0,-1,16,3,0,0.0
1514461,deepseek_v2_lite_chat,aime2024_cot,1.0,-1,17,3,0,0.0
1514462,deepseek_v2_lite_chat,aime2024_cot,1.0,-1,18,3,0,0.0
1514463,deepseek_v2_lite_chat,aime2024_cot,1.0,-1,19,3,0,0.0
1514464,deepseek_v2_lite_chat,aime2024_cot,1.0,-1,20,3,0,0.0
1514465,deepseek_v2_lite_chat,aime2024_cot,1.0,-1,21,3,0,0.0
1514466,deepseek_v2_lite_chat,aime2024_cot,1.0,-1,22,3,0,0.0
1514467,deepseek_v2_lite_chat,aime2024_cot,1.0,-1,23,3,0,0.0
1514468,deepseek_v2_lite_chat,aime2024_cot,1.0,-1,24,3,0,0.0
1514469,deepseek_v2_lite_chat,aime2024_cot,1.0,-1,25,3,0,0.0
1514470,deepseek_v2_lite_chat,aime2024_cot,1.0,-1,26,3,0,0.0
1514471,deepseek_v2_lite_chat,aime2024_cot,1.0,-1,27,3,0,0.0
1514472,deepseek_v2_lite_chat,aime2024_cot,1.0,-1,28,3,0,0.0
1514473,deepseek_v2_lite_chat,aime2024_cot,1.0,-1,29,3,0,0.0
1558025,mistralai_mathstral_7b_v0.1,aime2024_cot,1.0,-1,0,4,0,0.0
1558026,mistralai_mathstral_7b_v0.1,aime2024_cot,1.0,-1,1,4,0,0.0
1558027,mistralai_mathstral_7b_v0.1,aime2024_cot,1.0,-1,2,4,0,0.0
1558028,mistralai_mathstral_7b_v0.1,aime2024_cot,1.0,-1,3,4,0,0.0
1558029,mistralai_mathstral_7b_v0.1,aime2024_cot,1.0,-1,4,4,0,0.0
1558030,mistralai_mathstral_7b_v0.1,aime2024_cot,1.0,-1,5,4,0,0.0
1558031,mistralai_mathstral_7b_v0.1,aime2024_cot,1.0,-1,6,4,0,0.0
1558032,mistralai_mathstral_7b_v0.1,aime2024_cot,1.0,-1,7,4,0,0.0
1558033,mistralai_mathstral_7b_v0.1,aime2024_cot,1.0,-1,8,4,0,0.0
1558034,mistralai_mathstral_7b_v0.1,aime2024_cot,1.0,-1,9,4,0,0.0
1558035,mistralai_mathstral_7b_v0.1,aime2024_cot,1.0,-1,10,4,0,0.0
1558036,mistralai_mathstral_7b_v0.1,aime2024_cot,1.0,-1,11,4,0,0.0
1558037,mistralai_mathstral_7b_v0.1,aime2024_cot,1.0,-1,12,4,0,0.0
1558038,mistralai_mathstral_7b_v0.1,aime2024_cot,1.0,-1,13,4,0,0.0
1558039,mistralai_mathstral_7b_v0.1,aime2024_cot,1.0,-1,14,4,0,0.0
1558040,mistralai_mathstral_7b_v0.1,aime2024_cot,1.0,-1,15,4,0,0.0
1558041,mistralai_mathstral_7b_v0.1,aime2024_cot,1.0,-1,16,4,0,0.0
1558042,mistralai_mathstral_7b_v0.1,aime2024_cot,1.0,-1,17,4,0,0.0
1558043,mistralai_mathstral_7b_v0.1,aime2024_cot,1.0,-1,18,4,0,0.0
1558044,mistralai_mathstral_7b_v0.1,aime2024_cot,1.0,-1,19,4,0,0.0
1558045,mistralai_mathstral_7b_v0.1,aime2024_cot,1.0,-1,20,4,2,0.5
1558046,mistralai_mathstral_7b_v0.1,aime2024_cot,1.0,-1,21,4,0,0.0
1558047,mistralai_mathstral_7b_v0.1,aime2024_cot,1.0,-1,22,4,0,0.0
1558048,mistralai_mathstral_7b_v0.1,aime2024_cot,1.0,-1,23,4,0,0.0
1558049,mistralai_mathstral_7b_v0.1,aime2024_cot,1.0,-1,24,4,0,0.0
1558050,mistralai_mathstral_7b_v0.1,aime2024_cot,1.0,-1,25,4,0,0.0
1558051,mistralai_mathstral_7b_v0.1,aime2024_cot,1.0,-1,26,4,0,0.0
1558052,mistralai_mathstral_7b_v0.1,aime2024_cot,1.0,-1,27,4,0,0.0
1558053,mistralai_mathstral_7b_v0.1,aime2024_cot,1.0,-1,28,4,0,0.0
1558054,mistralai_mathstral_7b_v0.1,aime2024_cot,1.0,-1,29,4,0,0.0
1602601,mistralai_ministral_8b_instruct_2410,aime2024_cot,1.0,-1,0,4,0,0.0
1602602,mistralai_ministral_8b_instruct_2410,aime2024_cot,1.0,-1,1,4,0,0.0
1602603,mistralai_ministral_8b_instruct_2410,aime2024_cot,1.0,-1,2,4,0,0.0
1602604,mistralai_ministral_8b_instruct_2410,aime2024_cot,1.0,-1,3,4,0,0.0
1602605,mistralai_ministral_8b_instruct_2410,aime2024_cot,1.0,-1,4,4,0,0.0
1602606,mistralai_ministral_8b_instruct_2410,aime2024_cot,1.0,-1,5,4,0,0.0
1602607,mistralai_ministral_8b_instruct_2410,aime2024_cot,1.0,-1,6,4,0,0.0
1602608,mistralai_ministral_8b_instruct_2410,aime2024_cot,1.0,-1,7,4,0,0.0
1602609,mistralai_ministral_8b_instruct_2410,aime2024_cot,1.0,-1,8,4,0,0.0
1602610,mistralai_ministral_8b_instruct_2410,aime2024_cot,1.0,-1,9,4,0,0.0
1602611,mistralai_ministral_8b_instruct_2410,aime2024_cot,1.0,-1,10,4,0,0.0
1602612,mistralai_ministral_8b_instruct_2410,aime2024_cot,1.0,-1,11,4,0,0.0
1602613,mistralai_ministral_8b_instruct_2410,aime2024_cot,1.0,-1,12,4,0,0.0
1602614,mistralai_ministral_8b_instruct_2410,aime2024_cot,1.0,-1,13,4,0,0.0
1602615,mistralai_ministral_8b_instruct_2410,aime2024_cot,1.0,-1,14,4,0,0.0
1602616,mistralai_ministral_8b_instruct_2410,aime2024_cot,1.0,-1,15,4,0,0.0
1602617,mistralai_ministral_8b_instruct_2410,aime2024_cot,1.0,-1,16,4,0,0.0
1602618,mistralai_ministral_8b_instruct_2410,aime2024_cot,1.0,-1,17,4,0,0.0
1602619,mistralai_ministral_8b_instruct_2410,aime2024_cot,1.0,-1,18,4,0,0.0
1602620,mistralai_ministral_8b_instruct_2410,aime2024_cot,1.0,-1,19,4,0,0.0
1602621,mistralai_ministral_8b_instruct_2410,aime2024_cot,1.0,-1,20,4,0,0.0
1602622,mistralai_ministral_8b_instruct_2410,aime2024_cot,1.0,-1,21,4,0,0.0
1602623,mistralai_ministral_8b_instruct_2410,aime2024_cot,1.0,-1,22,4,0,0.0
1602624,mistralai_ministral_8b_instruct_2410,aime2024_cot,1.0,-1,23,4,0,0.0
1602625,mistralai_ministral_8b_instruct_2410,aime2024_cot,1.0,-1,24,4,0,0.0
1602626,mistralai_ministral_8b_instruct_2410,aime2024_cot,1.0,-1,25,4,0,0.0
1602627,mistralai_ministral_8b_instruct_2410,aime2024_cot,1.0,-1,26,4,0,0.0
1602628,mistralai_ministral_8b_instruct_2410,aime2024_cot,1.0,-1,27,4,0,0.0
1602629,mistralai_ministral_8b_instruct_2410,aime2024_cot,1.0,-1,28,4,0,0.0
1602630,mistralai_ministral_8b_instruct_2410,aime2024_cot,1.0,-1,29,4,0,0.0
1647177,mistralai_mistral_7b_instruct_v0.1,aime2024_cot,1.0,-1,0,4,0,0.0
1647178,mistralai_mistral_7b_instruct_v0.1,aime2024_cot,1.0,-1,1,4,0,0.0
1647179,mistralai_mistral_7b_instruct_v0.1,aime2024_cot,1.0,-1,2,4,0,0.0
1647180,mistralai_mistral_7b_instruct_v0.1,aime2024_cot,1.0,-1,3,4,0,0.0
1647181,mistralai_mistral_7b_instruct_v0.1,aime2024_cot,1.0,-1,4,4,0,0.0
1647182,mistralai_mistral_7b_instruct_v0.1,aime2024_cot,1.0,-1,5,4,0,0.0
1647183,mistralai_mistral_7b_instruct_v0.1,aime2024_cot,1.0,-1,6,4,0,0.0
1647184,mistralai_mistral_7b_instruct_v0.1,aime2024_cot,1.0,-1,7,4,0,0.0
1647185,mistralai_mistral_7b_instruct_v0.1,aime2024_cot,1.0,-1,8,4,0,0.0
1647186,mistralai_mistral_7b_instruct_v0.1,aime2024_cot,1.0,-1,9,4,0,0.0
1647187,mistralai_mistral_7b_instruct_v0.1,aime2024_cot,1.0,-1,10,4,0,0.0
1647188,mistralai_mistral_7b_instruct_v0.1,aime2024_cot,1.0,-1,11,4,0,0.0
1647189,mistralai_mistral_7b_instruct_v0.1,aime2024_cot,1.0,-1,12,4,0,0.0
1647190,mistralai_mistral_7b_instruct_v0.1,aime2024_cot,1.0,-1,13,4,0,0.0
1647191,mistralai_mistral_7b_instruct_v0.1,aime2024_cot,1.0,-1,14,4,0,0.0
1647192,mistralai_mistral_7b_instruct_v0.1,aime2024_cot,1.0,-1,15,4,0,0.0
1647193,mistralai_mistral_7b_instruct_v0.1,aime2024_cot,1.0,-1,16,4,0,0.0
1647194,mistralai_mistral_7b_instruct_v0.1,aime2024_cot,1.0,-1,17,4,0,0.0
1647195,mistralai_mistral_7b_instruct_v0.1,aime2024_cot,1.0,-1,18,4,0,0.0
1647196,mistralai_mistral_7b_instruct_v0.1,aime2024_cot,1.0,-1,19,4,0,0.0
1647197,mistralai_mistral_7b_instruct_v0.1,aime2024_cot,1.0,-1,20,4,0,0.0
1647198,mistralai_mistral_7b_instruct_v0.1,aime2024_cot,1.0,-1,21,4,0,0.0
1647199,mistralai_mistral_7b_instruct_v0.1,aime2024_cot,1.0,-1,22,4,0,0.0
1647200,mistralai_mistral_7b_instruct_v0.1,aime2024_cot,1.0,-1,23,4,0,0.0
1647201,mistralai_mistral_7b_instruct_v0.1,aime2024_cot,1.0,-1,24,4,0,0.0
1647202,mistralai_mistral_7b_instruct_v0.1,aime2024_cot,1.0,-1,25,4,0,0.0
1647203,mistralai_mistral_7b_instruct_v0.1,aime2024_cot,1.0,-1,26,4,0,0.0
1647204,mistralai_mistral_7b_instruct_v0.1,aime2024_cot,1.0,-1,27,4,0,0.0
1647205,mistralai_mistral_7b_instruct_v0.1,aime2024_cot,1.0,-1,28,4,0,0.0
1647206,mistralai_mistral_7b_instruct_v0.1,aime2024_cot,1.0,-1,29,4,0,0.0
1691753,mistralai_mistral_7b_instruct_v0.2,aime2024_cot,1.0,-1,0,4,0,0.0
1691754,mistralai_mistral_7b_instruct_v0.2,aime2024_cot,1.0,-1,1,4,0,0.0
1691755,mistralai_mistral_7b_instruct_v0.2,aime2024_cot,1.0,-1,2,4,0,0.0
1691756,mistralai_mistral_7b_instruct_v0.2,aime2024_cot,1.0,-1,3,4,0,0.0
1691757,mistralai_mistral_7b_instruct_v0.2,aime2024_cot,1.0,-1,4,4,0,0.0
1691758,mistralai_mistral_7b_instruct_v0.2,aime2024_cot,1.0,-1,5,4,0,0.0
1691759,mistralai_mistral_7b_instruct_v0.2,aime2024_cot,1.0,-1,6,4,0,0.0
1691760,mistralai_mistral_7b_instruct_v0.2,aime2024_cot,1.0,-1,7,4,0,0.0
1691761,mistralai_mistral_7b_instruct_v0.2,aime2024_cot,1.0,-1,8,4,0,0.0
1691762,mistralai_mistral_7b_instruct_v0.2,aime2024_cot,1.0,-1,9,4,0,0.0
1691763,mistralai_mistral_7b_instruct_v0.2,aime2024_cot,1.0,-1,10,4,0,0.0
1691764,mistralai_mistral_7b_instruct_v0.2,aime2024_cot,1.0,-1,11,4,0,0.0
1691765,mistralai_mistral_7b_instruct_v0.2,aime2024_cot,1.0,-1,12,4,0,0.0
1691766,mistralai_mistral_7b_instruct_v0.2,aime2024_cot,1.0,-1,13,4,0,0.0
1691767,mistralai_mistral_7b_instruct_v0.2,aime2024_cot,1.0,-1,14,4,0,0.0
1691768,mistralai_mistral_7b_instruct_v0.2,aime2024_cot,1.0,-1,15,4,0,0.0
1691769,mistralai_mistral_7b_instruct_v0.2,aime2024_cot,1.0,-1,16,4,0,0.0
1691770,mistralai_mistral_7b_instruct_v0.2,aime2024_cot,1.0,-1,17,4,0,0.0
1691771,mistralai_mistral_7b_instruct_v0.2,aime2024_cot,1.0,-1,18,4,0,0.0
1691772,mistralai_mistral_7b_instruct_v0.2,aime2024_cot,1.0,-1,19,4,0,0.0
1691773,mistralai_mistral_7b_instruct_v0.2,aime2024_cot,1.0,-1,20,4,0,0.0
1691774,mistralai_mistral_7b_instruct_v0.2,aime2024_cot,1.0,-1,21,4,0,0.0
1691775,mistralai_mistral_7b_instruct_v0.2,aime2024_cot,1.0,-1,22,4,0,0.0
1691776,mistralai_mistral_7b_instruct_v0.2,aime2024_cot,1.0,-1,23,4,0,0.0
1691777,mistralai_mistral_7b_instruct_v0.2,aime2024_cot,1.0,-1,24,4,0,0.0
1691778,mistralai_mistral_7b_instruct_v0.2,aime2024_cot,1.0,-1,25,4,0,0.0
1691779,mistralai_mistral_7b_instruct_v0.2,aime2024_cot,1.0,-1,26,4,0,0.0
1691780,mistralai_mistral_7b_instruct_v0.2,aime2024_cot,1.0,-1,27,4,0,0.0
1691781,mistralai_mistral_7b_instruct_v0.2,aime2024_cot,1.0,-1,28,4,0,0.0
1691782,mistralai_mistral_7b_instruct_v0.2,aime2024_cot,1.0,-1,29,4,0,0.0
1736329,mistralai_mistral_7b_instruct_v0.3,aime2024_cot,1.0,-1,0,4,0,0.0
1736330,mistralai_mistral_7b_instruct_v0.3,aime2024_cot,1.0,-1,1,4,0,0.0
1736331,mistralai_mistral_7b_instruct_v0.3,aime2024_cot,1.0,-1,2,4,0,0.0
1736332,mistralai_mistral_7b_instruct_v0.3,aime2024_cot,1.0,-1,3,4,0,0.0
1736333,mistralai_mistral_7b_instruct_v0.3,aime2024_cot,1.0,-1,4,4,0,0.0
1736334,mistralai_mistral_7b_instruct_v0.3,aime2024_cot,1.0,-1,5,4,0,0.0
1736335,mistralai_mistral_7b_instruct_v0.3,aime2024_cot,1.0,-1,6,4,0,0.0
1736336,mistralai_mistral_7b_instruct_v0.3,aime2024_cot,1.0,-1,7,4,0,0.0
1736337,mistralai_mistral_7b_instruct_v0.3,aime2024_cot,1.0,-1,8,4,0,0.0
1736338,mistralai_mistral_7b_instruct_v0.3,aime2024_cot,1.0,-1,9,4,0,0.0
1736339,mistralai_mistral_7b_instruct_v0.3,aime2024_cot,1.0,-1,10,4,0,0.0
1736340,mistralai_mistral_7b_instruct_v0.3,aime2024_cot,1.0,-1,11,4,0,0.0
1736341,mistralai_mistral_7b_instruct_v0.3,aime2024_cot,1.0,-1,12,4,0,0.0
1736342,mistralai_mistral_7b_instruct_v0.3,aime2024_cot,1.0,-1,13,4,0,0.0
1736343,mistralai_mistral_7b_instruct_v0.3,aime2024_cot,1.0,-1,14,4,0,0.0
1736344,mistralai_mistral_7b_instruct_v0.3,aime2024_cot,1.0,-1,15,4,0,0.0
1736345,mistralai_mistral_7b_instruct_v0.3,aime2024_cot,1.0,-1,16,4,0,0.0
1736346,mistralai_mistral_7b_instruct_v0.3,aime2024_cot,1.0,-1,17,4,0,0.0
1736347,mistralai_mistral_7b_instruct_v0.3,aime2024_cot,1.0,-1,18,4,0,0.0
1736348,mistralai_mistral_7b_instruct_v0.3,aime2024_cot,1.0,-1,19,4,0,0.0
1736349,mistralai_mistral_7b_instruct_v0.3,aime2024_cot,1.0,-1,20,4,0,0.0
1736350,mistralai_mistral_7b_instruct_v0.3,aime2024_cot,1.0,-1,21,4,0,0.0
1736351,mistralai_mistral_7b_instruct_v0.3,aime2024_cot,1.0,-1,22,4,0,0.0
1736352,mistralai_mistral_7b_instruct_v0.3,aime2024_cot,1.0,-1,23,4,0,0.0
1736353,mistralai_mistral_7b_instruct_v0.3,aime2024_cot,1.0,-1,24,4,0,0.0
1736354,mistralai_mistral_7b_instruct_v0.3,aime2024_cot,1.0,-1,25,4,0,0.0
1736355,mistralai_mistral_7b_instruct_v0.3,aime2024_cot,1.0,-1,26,4,0,0.0
1736356,mistralai_mistral_7b_instruct_v0.3,aime2024_cot,1.0,-1,27,4,0,0.0
1736357,mistralai_mistral_7b_instruct_v0.3,aime2024_cot,1.0,-1,28,4,0,0.0
1736358,mistralai_mistral_7b_instruct_v0.3,aime2024_cot,1.0,-1,29,4,0,0.0
1781900,mistralai_mixtral_8x22b_instruct_v0.1,aime2024_cot,1.0,-1,0,3,0,0.0
1781901,mistralai_mixtral_8x22b_instruct_v0.1,aime2024_cot,1.0,-1,1,3,0,0.0
1781902,mistralai_mixtral_8x22b_instruct_v0.1,aime2024_cot,1.0,-1,2,3,0,0.0
1781903,mistralai_mixtral_8x22b_instruct_v0.1,aime2024_cot,1.0,-1,3,3,1,0.3333333333
1781904,mistralai_mixtral_8x22b_instruct_v0.1,aime2024_cot,1.0,-1,4,3,0,0.0
1781905,mistralai_mixtral_8x22b_instruct_v0.1,aime2024_cot,1.0,-1,5,3,0,0.0
1781906,mistralai_mixtral_8x22b_instruct_v0.1,aime2024_cot,1.0,-1,6,3,0,0.0
1781907,mistralai_mixtral_8x22b_instruct_v0.1,aime2024_cot,1.0,-1,7,3,0,0.0
1781908,mistralai_mixtral_8x22b_instruct_v0.1,aime2024_cot,1.0,-1,8,3,0,0.0
1781909,mistralai_mixtral_8x22b_instruct_v0.1,aime2024_cot,1.0,-1,9,3,0,0.0
1781910,mistralai_mixtral_8x22b_instruct_v0.1,aime2024_cot,1.0,-1,10,3,0,0.0
1781911,mistralai_mixtral_8x22b_instruct_v0.1,aime2024_cot,1.0,-1,11,3,0,0.0
1781912,mistralai_mixtral_8x22b_instruct_v0.1,aime2024_cot,1.0,-1,12,3,0,0.0
1781913,mistralai_mixtral_8x22b_instruct_v0.1,aime2024_cot,1.0,-1,13,3,0,0.0
1781914,mistralai_mixtral_8x22b_instruct_v0.1,aime2024_cot,1.0,-1,14,3,0,0.0
1781915,mistralai_mixtral_8x22b_instruct_v0.1,aime2024_cot,1.0,-1,15,3,0,0.0
1781916,mistralai_mixtral_8x22b_instruct_v0.1,aime2024_cot,1.0,-1,16,3,0,0.0
1781917,mistralai_mixtral_8x22b_instruct_v0.1,aime2024_cot,1.0,-1,17,3,0,0.0
1781918,mistralai_mixtral_8x22b_instruct_v0.1,aime2024_cot,1.0,-1,18,3,0,0.0
1781919,mistralai_mixtral_8x22b_instruct_v0.1,aime2024_cot,1.0,-1,19,3,0,0.0
1781920,mistralai_mixtral_8x22b_instruct_v0.1,aime2024_cot,1.0,-1,20,3,0,0.0
1781921,mistralai_mixtral_8x22b_instruct_v0.1,aime2024_cot,1.0,-1,21,3,0,0.0
1781922,mistralai_mixtral_8x22b_instruct_v0.1,aime2024_cot,1.0,-1,22,3,0,0.0
1781923,mistralai_mixtral_8x22b_instruct_v0.1,aime2024_cot,1.0,-1,23,3,0,0.0
1781924,mistralai_mixtral_8x22b_instruct_v0.1,aime2024_cot,1.0,-1,24,3,0,0.0
1781925,mistralai_mixtral_8x22b_instruct_v0.1,aime2024_cot,1.0,-1,25,3,0,0.0
1781926,mistralai_mixtral_8x22b_instruct_v0.1,aime2024_cot,1.0,-1,26,3,0,0.0
1781927,mistralai_mixtral_8x22b_instruct_v0.1,aime2024_cot,1.0,-1,27,3,0,0.0
1781928,mistralai_mixtral_8x22b_instruct_v0.1,aime2024_cot,1.0,-1,28,3,0,0.0
1781929,mistralai_mixtral_8x22b_instruct_v0.1,aime2024_cot,1.0,-1,29,3,0,0.0
1824481,mistralai_mixtral_8x7b_instruct_v0.1,aime2024_cot,1.0,-1,0,3,0,0.0
1824482,mistralai_mixtral_8x7b_instruct_v0.1,aime2024_cot,1.0,-1,1,3,0,0.0
1824483,mistralai_mixtral_8x7b_instruct_v0.1,aime2024_cot,1.0,-1,2,3,0,0.0
1824484,mistralai_mixtral_8x7b_instruct_v0.1,aime2024_cot,1.0,-1,3,3,0,0.0
1824485,mistralai_mixtral_8x7b_instruct_v0.1,aime2024_cot,1.0,-1,4,3,1,0.3333333333
1824486,mistralai_mixtral_8x7b_instruct_v0.1,aime2024_cot,1.0,-1,5,3,0,0.0
1824487,mistralai_mixtral_8x7b_instruct_v0.1,aime2024_cot,1.0,-1,6,3,0,0.0
1824488,mistralai_mixtral_8x7b_instruct_v0.1,aime2024_cot,1.0,-1,7,3,0,0.0
1824489,mistralai_mixtral_8x7b_instruct_v0.1,aime2024_cot,1.0,-1,8,3,0,0.0
1824490,mistralai_mixtral_8x7b_instruct_v0.1,aime2024_cot,1.0,-1,9,3,0,0.0
1824491,mistralai_mixtral_8x7b_instruct_v0.1,aime2024_cot,1.0,-1,10,3,0,0.0
1824492,mistralai_mixtral_8x7b_instruct_v0.1,aime2024_cot,1.0,-1,11,3,0,0.0
1824493,mistralai_mixtral_8x7b_instruct_v0.1,aime2024_cot,1.0,-1,12,3,0,0.0
1824494,mistralai_mixtral_8x7b_instruct_v0.1,aime2024_cot,1.0,-1,13,3,0,0.0
1824495,mistralai_mixtral_8x7b_instruct_v0.1,aime2024_cot,1.0,-1,14,3,0,0.0
1824496,mistralai_mixtral_8x7b_instruct_v0.1,aime2024_cot,1.0,-1,15,3,0,0.0
1824497,mistralai_mixtral_8x7b_instruct_v0.1,aime2024_cot,1.0,-1,16,3,0,0.0
1824498,mistralai_mixtral_8x7b_instruct_v0.1,aime2024_cot,1.0,-1,17,3,0,0.0
1824499,mistralai_mixtral_8x7b_instruct_v0.1,aime2024_cot,1.0,-1,18,3,0,0.0
1824500,mistralai_mixtral_8x7b_instruct_v0.1,aime2024_cot,1.0,-1,19,3,0,0.0
1824501,mistralai_mixtral_8x7b_instruct_v0.1,aime2024_cot,1.0,-1,20,3,0,0.0
1824502,mistralai_mixtral_8x7b_instruct_v0.1,aime2024_cot,1.0,-1,21,3,0,0.0
1824503,mistralai_mixtral_8x7b_instruct_v0.1,aime2024_cot,1.0,-1,22,3,0,0.0
1824504,mistralai_mixtral_8x7b_instruct_v0.1,aime2024_cot,1.0,-1,23,3,0,0.0
1824505,mistralai_mixtral_8x7b_instruct_v0.1,aime2024_cot,1.0,-1,24,3,0,0.0
1824506,mistralai_mixtral_8x7b_instruct_v0.1,aime2024_cot,1.0,-1,25,3,0,0.0
1824507,mistralai_mixtral_8x7b_instruct_v0.1,aime2024_cot,1.0,-1,26,3,1,0.3333333333
1824508,mistralai_mixtral_8x7b_instruct_v0.1,aime2024_cot,1.0,-1,27,3,0,0.0
1824509,mistralai_mixtral_8x7b_instruct_v0.1,aime2024_cot,1.0,-1,28,3,0,0.0
1824510,mistralai_mixtral_8x7b_instruct_v0.1,aime2024_cot,1.0,-1,29,3,0,0.0
1867542,google_gemma_2b_it,aime2024_cot,1.0,-1,0,4,0,0.0
1867543,google_gemma_2b_it,aime2024_cot,1.0,-1,1,4,0,0.0
1867544,google_gemma_2b_it,aime2024_cot,1.0,-1,2,4,0,0.0
1867545,google_gemma_2b_it,aime2024_cot,1.0,-1,3,4,0,0.0
1867546,google_gemma_2b_it,aime2024_cot,1.0,-1,4,4,0,0.0
1867547,google_gemma_2b_it,aime2024_cot,1.0,-1,5,4,0,0.0
1867548,google_gemma_2b_it,aime2024_cot,1.0,-1,6,4,0,0.0
1867549,google_gemma_2b_it,aime2024_cot,1.0,-1,7,4,0,0.0
1867550,google_gemma_2b_it,aime2024_cot,1.0,-1,8,4,0,0.0
1867551,google_gemma_2b_it,aime2024_cot,1.0,-1,9,4,0,0.0
1867552,google_gemma_2b_it,aime2024_cot,1.0,-1,10,4,0,0.0
1867553,google_gemma_2b_it,aime2024_cot,1.0,-1,11,4,0,0.0
1867554,google_gemma_2b_it,aime2024_cot,1.0,-1,12,4,0,0.0
1867555,google_gemma_2b_it,aime2024_cot,1.0,-1,13,4,0,0.0
1867556,google_gemma_2b_it,aime2024_cot,1.0,-1,14,4,0,0.0
1867557,google_gemma_2b_it,aime2024_cot,1.0,-1,15,4,0,0.0
1867558,google_gemma_2b_it,aime2024_cot,1.0,-1,16,4,0,0.0
1867559,google_gemma_2b_it,aime2024_cot,1.0,-1,17,4,0,0.0
1867560,google_gemma_2b_it,aime2024_cot,1.0,-1,18,4,0,0.0
1867561,google_gemma_2b_it,aime2024_cot,1.0,-1,19,4,0,0.0
1867562,google_gemma_2b_it,aime2024_cot,1.0,-1,20,4,0,0.0
1867563,google_gemma_2b_it,aime2024_cot,1.0,-1,21,4,0,0.0
1867564,google_gemma_2b_it,aime2024_cot,1.0,-1,22,4,0,0.0
1867565,google_gemma_2b_it,aime2024_cot,1.0,-1,23,4,0,0.0
1867566,google_gemma_2b_it,aime2024_cot,1.0,-1,24,4,0,0.0
1867567,google_gemma_2b_it,aime2024_cot,1.0,-1,25,4,0,0.0
1867568,google_gemma_2b_it,aime2024_cot,1.0,-1,26,4,0,0.0
1867569,google_gemma_2b_it,aime2024_cot,1.0,-1,27,4,0,0.0
1867570,google_gemma_2b_it,aime2024_cot,1.0,-1,28,4,0,0.0
1867571,google_gemma_2b_it,aime2024_cot,1.0,-1,29,4,0,0.0
1892672,google_gemma_7b_it,aime2024_cot,1.0,-1,0,4,0,0.0
1892673,google_gemma_7b_it,aime2024_cot,1.0,-1,1,4,0,0.0
1892674,google_gemma_7b_it,aime2024_cot,1.0,-1,2,4,0,0.0
1892675,google_gemma_7b_it,aime2024_cot,1.0,-1,3,4,0,0.0
1892676,google_gemma_7b_it,aime2024_cot,1.0,-1,4,4,0,0.0
1892677,google_gemma_7b_it,aime2024_cot,1.0,-1,5,4,0,0.0
1892678,google_gemma_7b_it,aime2024_cot,1.0,-1,6,4,0,0.0
1892679,google_gemma_7b_it,aime2024_cot,1.0,-1,7,4,0,0.0
1892680,google_gemma_7b_it,aime2024_cot,1.0,-1,8,4,0,0.0
1892681,google_gemma_7b_it,aime2024_cot,1.0,-1,9,4,0,0.0
1892682,google_gemma_7b_it,aime2024_cot,1.0,-1,10,4,0,0.0
1892683,google_gemma_7b_it,aime2024_cot,1.0,-1,11,4,0,0.0
1892684,google_gemma_7b_it,aime2024_cot,1.0,-1,12,4,0,0.0
1892685,google_gemma_7b_it,aime2024_cot,1.0,-1,13,4,0,0.0
1892686,google_gemma_7b_it,aime2024_cot,1.0,-1,14,4,0,0.0
1892687,google_gemma_7b_it,aime2024_cot,1.0,-1,15,4,0,0.0
1892688,google_gemma_7b_it,aime2024_cot,1.0,-1,16,4,0,0.0
1892689,google_gemma_7b_it,aime2024_cot,1.0,-1,17,4,0,0.0
1892690,google_gemma_7b_it,aime2024_cot,1.0,-1,18,4,0,0.0
1892691,google_gemma_7b_it,aime2024_cot,1.0,-1,19,4,0,0.0
1892692,google_gemma_7b_it,aime2024_cot,1.0,-1,20,4,0,0.0
1892693,google_gemma_7b_it,aime2024_cot,1.0,-1,21,4,0,0.0
1892694,google_gemma_7b_it,aime2024_cot,1.0,-1,22,4,0,0.0
1892695,google_gemma_7b_it,aime2024_cot,1.0,-1,23,4,0,0.0
1892696,google_gemma_7b_it,aime2024_cot,1.0,-1,24,4,0,0.0
1892697,google_gemma_7b_it,aime2024_cot,1.0,-1,25,4,0,0.0
1892698,google_gemma_7b_it,aime2024_cot,1.0,-1,26,4,0,0.0
1892699,google_gemma_7b_it,aime2024_cot,1.0,-1,27,4,0,0.0
1892700,google_gemma_7b_it,aime2024_cot,1.0,-1,28,4,0,0.0
1892701,google_gemma_7b_it,aime2024_cot,1.0,-1,29,4,0,0.0
1918297,google_gemma_2_27b_it,aime2024_cot,1.0,-1,0,2,0,0.0
1918298,google_gemma_2_27b_it,aime2024_cot,1.0,-1,1,2,1,0.5
1918299,google_gemma_2_27b_it,aime2024_cot,1.0,-1,2,2,0,0.0
1918300,google_gemma_2_27b_it,aime2024_cot,1.0,-1,3,2,0,0.0
1918301,google_gemma_2_27b_it,aime2024_cot,1.0,-1,4,2,0,0.0
1918302,google_gemma_2_27b_it,aime2024_cot,1.0,-1,5,2,0,0.0
1918303,google_gemma_2_27b_it,aime2024_cot,1.0,-1,6,2,0,0.0
1918304,google_gemma_2_27b_it,aime2024_cot,1.0,-1,7,2,0,0.0
1918305,google_gemma_2_27b_it,aime2024_cot,1.0,-1,8,2,0,0.0
1918306,google_gemma_2_27b_it,aime2024_cot,1.0,-1,9,2,0,0.0
1918307,google_gemma_2_27b_it,aime2024_cot,1.0,-1,10,2,0,0.0
1918308,google_gemma_2_27b_it,aime2024_cot,1.0,-1,11,2,0,0.0
1918309,google_gemma_2_27b_it,aime2024_cot,1.0,-1,12,2,0,0.0
1918310,google_gemma_2_27b_it,aime2024_cot,1.0,-1,13,2,0,0.0
1918311,google_gemma_2_27b_it,aime2024_cot,1.0,-1,14,2,0,0.0
1918312,google_gemma_2_27b_it,aime2024_cot,1.0,-1,15,2,0,0.0
1918313,google_gemma_2_27b_it,aime2024_cot,1.0,-1,16,2,0,0.0
1918314,google_gemma_2_27b_it,aime2024_cot,1.0,-1,17,2,0,0.0
1918315,google_gemma_2_27b_it,aime2024_cot,1.0,-1,18,2,0,0.0
1918316,google_gemma_2_27b_it,aime2024_cot,1.0,-1,19,2,0,0.0
1918317,google_gemma_2_27b_it,aime2024_cot,1.0,-1,20,2,0,0.0
1918318,google_gemma_2_27b_it,aime2024_cot,1.0,-1,21,2,0,0.0
1918319,google_gemma_2_27b_it,aime2024_cot,1.0,-1,22,2,0,0.0
1918320,google_gemma_2_27b_it,aime2024_cot,1.0,-1,23,2,0,0.0
1918321,google_gemma_2_27b_it,aime2024_cot,1.0,-1,24,2,0,0.0
1918322,google_gemma_2_27b_it,aime2024_cot,1.0,-1,25,2,0,0.0
1918323,google_gemma_2_27b_it,aime2024_cot,1.0,-1,26,2,0,0.0
1918324,google_gemma_2_27b_it,aime2024_cot,1.0,-1,27,2,0,0.0
1918325,google_gemma_2_27b_it,aime2024_cot,1.0,-1,28,2,0,0.0
1918326,google_gemma_2_27b_it,aime2024_cot,1.0,-1,29,2,0,0.0
1936484,google_gemma_2_9b_it,aime2024_cot,1.0,-1,0,4,0,0.0
1936485,google_gemma_2_9b_it,aime2024_cot,1.0,-1,1,4,0,0.0
1936486,google_gemma_2_9b_it,aime2024_cot,1.0,-1,2,4,0,0.0
1936487,google_gemma_2_9b_it,aime2024_cot,1.0,-1,3,4,1,0.25
1936488,google_gemma_2_9b_it,aime2024_cot,1.0,-1,4,4,0,0.0
1936489,google_gemma_2_9b_it,aime2024_cot,1.0,-1,5,4,0,0.0
1936490,google_gemma_2_9b_it,aime2024_cot,1.0,-1,6,4,0,0.0
1936491,google_gemma_2_9b_it,aime2024_cot,1.0,-1,7,4,0,0.0
1936492,google_gemma_2_9b_it,aime2024_cot,1.0,-1,8,4,0,0.0
1936493,google_gemma_2_9b_it,aime2024_cot,1.0,-1,9,4,0,0.0
1936494,google_gemma_2_9b_it,aime2024_cot,1.0,-1,10,4,0,0.0
1936495,google_gemma_2_9b_it,aime2024_cot,1.0,-1,11,4,0,0.0
1936496,google_gemma_2_9b_it,aime2024_cot,1.0,-1,12,4,0,0.0
1936497,google_gemma_2_9b_it,aime2024_cot,1.0,-1,13,4,0,0.0
1936498,google_gemma_2_9b_it,aime2024_cot,1.0,-1,14,4,0,0.0
1936499,google_gemma_2_9b_it,aime2024_cot,1.0,-1,15,4,0,0.0
1936500,google_gemma_2_9b_it,aime2024_cot,1.0,-1,16,4,0,0.0
1936501,google_gemma_2_9b_it,aime2024_cot,1.0,-1,17,4,0,0.0
1936502,google_gemma_2_9b_it,aime2024_cot,1.0,-1,18,4,0,0.0
1936503,google_gemma_2_9b_it,aime2024_cot,1.0,-1,19,4,0,0.0
1936504,google_gemma_2_9b_it,aime2024_cot,1.0,-1,20,4,0,0.0
1936505,google_gemma_2_9b_it,aime2024_cot,1.0,-1,21,4,0,0.0
1936506,google_gemma_2_9b_it,aime2024_cot,1.0,-1,22,4,0,0.0
1936507,google_gemma_2_9b_it,aime2024_cot,1.0,-1,23,4,0,0.0
1936508,google_gemma_2_9b_it,aime2024_cot,1.0,-1,24,4,0,0.0
1936509,google_gemma_2_9b_it,aime2024_cot,1.0,-1,25,4,0,0.0
1936510,google_gemma_2_9b_it,aime2024_cot,1.0,-1,26,4,0,0.0
1936511,google_gemma_2_9b_it,aime2024_cot,1.0,-1,27,4,0,0.0
1936512,google_gemma_2_9b_it,aime2024_cot,1.0,-1,28,4,0,0.0
1936513,google_gemma_2_9b_it,aime2024_cot,1.0,-1,29,4,0,0.0
1961614,google_gemma_3_12b_it,aime2024_cot,1.0,-1,0,4,4,1.0
1961615,google_gemma_3_12b_it,aime2024_cot,1.0,-1,1,4,4,1.0
1961616,google_gemma_3_12b_it,aime2024_cot,1.0,-1,2,4,2,0.5
1961617,google_gemma_3_12b_it,aime2024_cot,1.0,-1,3,4,4,1.0
1961618,google_gemma_3_12b_it,aime2024_cot,1.0,-1,4,4,0,0.0
1961619,google_gemma_3_12b_it,aime2024_cot,1.0,-1,5,4,0,0.0
1961620,google_gemma_3_12b_it,aime2024_cot,1.0,-1,6,4,4,1.0
1961621,google_gemma_3_12b_it,aime2024_cot,1.0,-1,7,4,0,0.0
1961622,google_gemma_3_12b_it,aime2024_cot,1.0,-1,8,4,0,0.0
1961623,google_gemma_3_12b_it,aime2024_cot,1.0,-1,9,4,0,0.0
1961624,google_gemma_3_12b_it,aime2024_cot,1.0,-1,10,4,0,0.0
1961625,google_gemma_3_12b_it,aime2024_cot,1.0,-1,11,4,0,0.0
1961626,google_gemma_3_12b_it,aime2024_cot,1.0,-1,12,4,0,0.0
1961627,google_gemma_3_12b_it,aime2024_cot,1.0,-1,13,4,0,0.0
1961628,google_gemma_3_12b_it,aime2024_cot,1.0,-1,14,4,1,0.25
1961629,google_gemma_3_12b_it,aime2024_cot,1.0,-1,15,4,0,0.0
1961630,google_gemma_3_12b_it,aime2024_cot,1.0,-1,16,4,2,0.5
1961631,google_gemma_3_12b_it,aime2024_cot,1.0,-1,17,4,0,0.0
1961632,google_gemma_3_12b_it,aime2024_cot,1.0,-1,18,4,2,0.5
1961633,google_gemma_3_12b_it,aime2024_cot,1.0,-1,19,4,0,0.0
1961634,google_gemma_3_12b_it,aime2024_cot,1.0,-1,20,4,0,0.0
1961635,google_gemma_3_12b_it,aime2024_cot,1.0,-1,21,4,0,0.0
1961636,google_gemma_3_12b_it,aime2024_cot,1.0,-1,22,4,0,0.0
1961637,google_gemma_3_12b_it,aime2024_cot,1.0,-1,23,4,0,0.0
1961638,google_gemma_3_12b_it,aime2024_cot,1.0,-1,24,4,0,0.0
1961639,google_gemma_3_12b_it,aime2024_cot,1.0,-1,25,4,0,0.0
1961640,google_gemma_3_12b_it,aime2024_cot,1.0,-1,26,4,0,0.0
1961641,google_gemma_3_12b_it,aime2024_cot,1.0,-1,27,4,0,0.0
1961642,google_gemma_3_12b_it,aime2024_cot,1.0,-1,28,4,0,0.0
1961643,google_gemma_3_12b_it,aime2024_cot,1.0,-1,29,4,0,0.0
2006190,google_gemma_3_1b_it,aime2024_cot,1.0,-1,0,4,0,0.0
2006191,google_gemma_3_1b_it,aime2024_cot,1.0,-1,1,4,0,0.0
2006192,google_gemma_3_1b_it,aime2024_cot,1.0,-1,2,4,0,0.0
2006193,google_gemma_3_1b_it,aime2024_cot,1.0,-1,3,4,0,0.0
2006194,google_gemma_3_1b_it,aime2024_cot,1.0,-1,4,4,0,0.0
2006195,google_gemma_3_1b_it,aime2024_cot,1.0,-1,5,4,0,0.0
2006196,google_gemma_3_1b_it,aime2024_cot,1.0,-1,6,4,0,0.0
2006197,google_gemma_3_1b_it,aime2024_cot,1.0,-1,7,4,0,0.0
2006198,google_gemma_3_1b_it,aime2024_cot,1.0,-1,8,4,0,0.0
2006199,google_gemma_3_1b_it,aime2024_cot,1.0,-1,9,4,0,0.0
2006200,google_gemma_3_1b_it,aime2024_cot,1.0,-1,10,4,0,0.0
2006201,google_gemma_3_1b_it,aime2024_cot,1.0,-1,11,4,0,0.0
2006202,google_gemma_3_1b_it,aime2024_cot,1.0,-1,12,4,0,0.0
2006203,google_gemma_3_1b_it,aime2024_cot,1.0,-1,13,4,0,0.0
2006204,google_gemma_3_1b_it,aime2024_cot,1.0,-1,14,4,1,0.25
2006205,google_gemma_3_1b_it,aime2024_cot,1.0,-1,15,4,0,0.0
2006206,google_gemma_3_1b_it,aime2024_cot,1.0,-1,16,4,0,0.0
2006207,google_gemma_3_1b_it,aime2024_cot,1.0,-1,17,4,0,0.0
2006208,google_gemma_3_1b_it,aime2024_cot,1.0,-1,18,4,0,0.0
2006209,google_gemma_3_1b_it,aime2024_cot,1.0,-1,19,4,0,0.0
2006210,google_gemma_3_1b_it,aime2024_cot,1.0,-1,20,4,0,0.0
2006211,google_gemma_3_1b_it,aime2024_cot,1.0,-1,21,4,0,0.0
2006212,google_gemma_3_1b_it,aime2024_cot,1.0,-1,22,4,0,0.0
2006213,google_gemma_3_1b_it,aime2024_cot,1.0,-1,23,4,0,0.0
2006214,google_gemma_3_1b_it,aime2024_cot,1.0,-1,24,4,0,0.0
2006215,google_gemma_3_1b_it,aime2024_cot,1.0,-1,25,4,0,0.0
2006216,google_gemma_3_1b_it,aime2024_cot,1.0,-1,26,4,1,0.25
2006217,google_gemma_3_1b_it,aime2024_cot,1.0,-1,27,4,0,0.0
2006218,google_gemma_3_1b_it,aime2024_cot,1.0,-1,28,4,0,0.0
2006219,google_gemma_3_1b_it,aime2024_cot,1.0,-1,29,4,0,0.0
2031320,google_gemma_3_27b_it,aime2024_cot,1.0,-1,0,3,3,1.0
2031321,google_gemma_3_27b_it,aime2024_cot,1.0,-1,1,3,2,0.6666666667
2031322,google_gemma_3_27b_it,aime2024_cot,1.0,-1,2,3,1,0.3333333333
2031323,google_gemma_3_27b_it,aime2024_cot,1.0,-1,3,3,3,1.0
2031324,google_gemma_3_27b_it,aime2024_cot,1.0,-1,4,3,0,0.0
2031325,google_gemma_3_27b_it,aime2024_cot,1.0,-1,5,3,2,0.6666666667
2031326,google_gemma_3_27b_it,aime2024_cot,1.0,-1,6,3,3,1.0
2031327,google_gemma_3_27b_it,aime2024_cot,1.0,-1,7,3,0,0.0
2031328,google_gemma_3_27b_it,aime2024_cot,1.0,-1,8,3,0,0.0
2031329,google_gemma_3_27b_it,aime2024_cot,1.0,-1,9,3,0,0.0
2031330,google_gemma_3_27b_it,aime2024_cot,1.0,-1,10,3,0,0.0
2031331,google_gemma_3_27b_it,aime2024_cot,1.0,-1,11,3,0,0.0
2031332,google_gemma_3_27b_it,aime2024_cot,1.0,-1,12,3,0,0.0
2031333,google_gemma_3_27b_it,aime2024_cot,1.0,-1,13,3,0,0.0
2031334,google_gemma_3_27b_it,aime2024_cot,1.0,-1,14,3,2,0.6666666667
2031335,google_gemma_3_27b_it,aime2024_cot,1.0,-1,15,3,1,0.3333333333
2031336,google_gemma_3_27b_it,aime2024_cot,1.0,-1,16,3,2,0.6666666667
2031337,google_gemma_3_27b_it,aime2024_cot,1.0,-1,17,3,1,0.3333333333
2031338,google_gemma_3_27b_it,aime2024_cot,1.0,-1,18,3,2,0.6666666667
2031339,google_gemma_3_27b_it,aime2024_cot,1.0,-1,19,3,0,0.0
2031340,google_gemma_3_27b_it,aime2024_cot,1.0,-1,20,3,2,0.6666666667
2031341,google_gemma_3_27b_it,aime2024_cot,1.0,-1,21,3,0,0.0
2031342,google_gemma_3_27b_it,aime2024_cot,1.0,-1,22,3,0,0.0
2031343,google_gemma_3_27b_it,aime2024_cot,1.0,-1,23,3,0,0.0
2031344,google_gemma_3_27b_it,aime2024_cot,1.0,-1,24,3,0,0.0
2031345,google_gemma_3_27b_it,aime2024_cot,1.0,-1,25,3,0,0.0
2031346,google_gemma_3_27b_it,aime2024_cot,1.0,-1,26,3,0,0.0
2031347,google_gemma_3_27b_it,aime2024_cot,1.0,-1,27,3,1,0.3333333333
2031348,google_gemma_3_27b_it,aime2024_cot,1.0,-1,28,3,0,0.0
2031349,google_gemma_3_27b_it,aime2024_cot,1.0,-1,29,3,0,0.0
2054935,google_gemma_3_4b_it,aime2024_cot,1.0,-1,0,5,1,0.2
2054936,google_gemma_3_4b_it,aime2024_cot,1.0,-1,1,5,3,0.6
2054937,google_gemma_3_4b_it,aime2024_cot,1.0,-1,2,5,0,0.0
2054938,google_gemma_3_4b_it,aime2024_cot,1.0,-1,3,5,5,1.0
2054939,google_gemma_3_4b_it,aime2024_cot,1.0,-1,4,5,0,0.0
2054940,google_gemma_3_4b_it,aime2024_cot,1.0,-1,5,5,0,0.0
2054941,google_gemma_3_4b_it,aime2024_cot,1.0,-1,6,5,3,0.6
2054942,google_gemma_3_4b_it,aime2024_cot,1.0,-1,7,5,0,0.0
2054943,google_gemma_3_4b_it,aime2024_cot,1.0,-1,8,5,0,0.0
2054944,google_gemma_3_4b_it,aime2024_cot,1.0,-1,9,5,0,0.0
2054945,google_gemma_3_4b_it,aime2024_cot,1.0,-1,10,5,0,0.0
2054946,google_gemma_3_4b_it,aime2024_cot,1.0,-1,11,5,0,0.0
2054947,google_gemma_3_4b_it,aime2024_cot,1.0,-1,12,5,0,0.0
2054948,google_gemma_3_4b_it,aime2024_cot,1.0,-1,13,5,0,0.0
2054949,google_gemma_3_4b_it,aime2024_cot,1.0,-1,14,5,0,0.0
2054950,google_gemma_3_4b_it,aime2024_cot,1.0,-1,15,5,0,0.0
2054951,google_gemma_3_4b_it,aime2024_cot,1.0,-1,16,5,0,0.0
2054952,google_gemma_3_4b_it,aime2024_cot,1.0,-1,17,5,0,0.0
2054953,google_gemma_3_4b_it,aime2024_cot,1.0,-1,18,5,0,0.0
2054954,google_gemma_3_4b_it,aime2024_cot,1.0,-1,19,5,0,0.0
2054955,google_gemma_3_4b_it,aime2024_cot,1.0,-1,20,5,0,0.0
2054956,google_gemma_3_4b_it,aime2024_cot,1.0,-1,21,5,0,0.0
2054957,google_gemma_3_4b_it,aime2024_cot,1.0,-1,22,5,0,0.0
2054958,google_gemma_3_4b_it,aime2024_cot,1.0,-1,23,5,0,0.0
2054959,google_gemma_3_4b_it,aime2024_cot,1.0,-1,24,5,0,0.0
2054960,google_gemma_3_4b_it,aime2024_cot,1.0,-1,25,5,0,0.0
2054961,google_gemma_3_4b_it,aime2024_cot,1.0,-1,26,5,0,0.0
2054962,google_gemma_3_4b_it,aime2024_cot,1.0,-1,27,5,0,0.0
2054963,google_gemma_3_4b_it,aime2024_cot,1.0,-1,28,5,0,0.0
2054964,google_gemma_3_4b_it,aime2024_cot,1.0,-1,29,5,0,0.0
2099511,google_codegemma_1.1_7b_it,aime2024_cot,1.0,-1,0,5,0,0.0
2099512,google_codegemma_1.1_7b_it,aime2024_cot,1.0,-1,1,5,1,0.2
2099513,google_codegemma_1.1_7b_it,aime2024_cot,1.0,-1,2,5,0,0.0
2099514,google_codegemma_1.1_7b_it,aime2024_cot,1.0,-1,3,5,0,0.0
2099515,google_codegemma_1.1_7b_it,aime2024_cot,1.0,-1,4,5,0,0.0
2099516,google_codegemma_1.1_7b_it,aime2024_cot,1.0,-1,5,5,0,0.0
2099517,google_codegemma_1.1_7b_it,aime2024_cot,1.0,-1,6,5,0,0.0
2099518,google_codegemma_1.1_7b_it,aime2024_cot,1.0,-1,7,5,0,0.0
2099519,google_codegemma_1.1_7b_it,aime2024_cot,1.0,-1,8,5,0,0.0
2099520,google_codegemma_1.1_7b_it,aime2024_cot,1.0,-1,9,5,0,0.0
2099521,google_codegemma_1.1_7b_it,aime2024_cot,1.0,-1,10,5,0,0.0
2099522,google_codegemma_1.1_7b_it,aime2024_cot,1.0,-1,11,5,0,0.0
2099523,google_codegemma_1.1_7b_it,aime2024_cot,1.0,-1,12,5,0,0.0
2099524,google_codegemma_1.1_7b_it,aime2024_cot,1.0,-1,13,5,0,0.0
2099525,google_codegemma_1.1_7b_it,aime2024_cot,1.0,-1,14,5,0,0.0
2099526,google_codegemma_1.1_7b_it,aime2024_cot,1.0,-1,15,5,0,0.0
2099527,google_codegemma_1.1_7b_it,aime2024_cot,1.0,-1,16,5,0,0.0
2099528,google_codegemma_1.1_7b_it,aime2024_cot,1.0,-1,17,5,0,0.0
2099529,google_codegemma_1.1_7b_it,aime2024_cot,1.0,-1,18,5,0,0.0
2099530,google_codegemma_1.1_7b_it,aime2024_cot,1.0,-1,19,5,0,0.0
2099531,google_codegemma_1.1_7b_it,aime2024_cot,1.0,-1,20,5,0,0.0
2099532,google_codegemma_1.1_7b_it,aime2024_cot,1.0,-1,21,5,0,0.0
2099533,google_codegemma_1.1_7b_it,aime2024_cot,1.0,-1,22,5,0,0.0
2099534,google_codegemma_1.1_7b_it,aime2024_cot,1.0,-1,23,5,0,0.0
2099535,google_codegemma_1.1_7b_it,aime2024_cot,1.0,-1,24,5,0,0.0
2099536,google_codegemma_1.1_7b_it,aime2024_cot,1.0,-1,25,5,0,0.0
2099537,google_codegemma_1.1_7b_it,aime2024_cot,1.0,-1,26,5,0,0.0
2099538,google_codegemma_1.1_7b_it,aime2024_cot,1.0,-1,27,5,0,0.0
2099539,google_codegemma_1.1_7b_it,aime2024_cot,1.0,-1,28,5,0,0.0
2099540,google_codegemma_1.1_7b_it,aime2024_cot,1.0,-1,29,5,0,0.0
